faculty_id,reviews
1001,2
1002,2
1003,3
1004,4
1005,5
1006,2
1007,4
1008,4
1009,1
1010,2
1011,1
1012,5
1013,4
1014,4
1015,2
1016,4
1017,2
1018,5
1019,4
1020,1
1021,1
1022,3
1023,3
1024,2
1025,5
1026,1
1027,2
1028,3
1029,4
1030,1
1031,5
1032,4
1033,2
1034,4
1035,5
1036,1
1037,4
1038,2
1039,2
1040,1
1041,2
1042,5
1043,1
1044,2
1045,5
1046,5
1047,2
1048,4
1049,3
1050,2
1051,5
1052,1
1053,4
1054,5
1055,1
1056,5
1057,1
1058,4
1059,1
1060,5
1061,1
1062,2
1063,1
1064,3
1065,3
1066,2
1067,3
1068,3
1069,2
1070,2
1071,4
1072,3
1073,5
1074,5
1075,4
1076,3
1077,2
1078,2
1079,2
1080,1
1081,2
1082,2
1083,1
1084,3
1085,1
1086,1
1087,1
1088,2
1089,4
1090,3
1091,2
1092,4
1093,4
1094,3
1095,3
1096,1
1097,1
1098,5
1099,3
1100,2
1101,2
1102,1
1103,2
1104,3
1105,2
1106,4
1107,4
1108,5
1109,1
1110,1
1111,5
1112,3
1113,2
1114,4
1115,2
1116,2
1117,3
1118,3
1119,2
1120,1
1121,2
1122,5
1123,2
1124,1
1125,3
1126,1
1127,2
1128,5
1129,2
1130,5
1131,1
1132,1
1133,4
1134,1
1135,2
1136,3
1137,4
1138,2
1139,3
1140,2
1141,2
1142,5
1143,4
1144,1
1145,4
1146,5
1147,3
1148,4
1149,5
1150,4
1151,5
1152,3
1153,1
1154,5
1155,2
1156,2
1157,5
1158,2
1159,1
1160,2
1161,2
1162,3
1163,2
1164,5
1165,5
1166,2
1167,4
1168,3
1169,3
1170,1
1171,3
1172,4
1173,2
1174,2
1175,5
1176,4
1177,5
1178,5
1179,2
1180,2
1181,2
1182,5
1183,5
1184,5
1185,3
1186,4
1187,3
1188,3
1189,4
1190,1
1191,1
1192,4
1193,1
1194,1
1195,5
1196,3
1197,5
1198,5
1199,3
1200,1
1201,2
1202,4
1203,2
1204,1
1205,3
1206,4
1207,3
1208,4
1209,2
1210,2
1211,3
1212,4
1213,1
1214,4
1215,4
1216,1
1217,3
1218,5
1219,1
1220,5
1221,2
1222,5
1223,2
1224,2
1225,3
1226,4
1227,3
1228,1
1229,3
1230,1
1231,5
1232,2
1233,4
1234,3
1235,2
1236,4
1237,2
1238,2
1239,3
1240,5
1241,5
1242,5
1243,3
1244,1
1245,4
1246,3
1247,5
1248,2
1249,3
1250,4
1251,5
1252,3
1253,2
1254,5
1255,5
1256,4
1257,3
1258,4
1259,1
1260,3
1261,4
1262,4
1263,2
1264,5
1265,5
1266,3
1267,1
1268,1
1269,1
1270,3
1271,2
1272,2
1273,4
1274,2
1275,4
1276,1
1277,3
1278,1
1279,5
1280,5
1281,1
1282,2
1283,5
1284,5
1285,3
1286,5
1287,1
1288,3
1289,2
1290,1
1291,5
1292,2
1293,5
1294,5
1295,5
1296,1
1297,4
1298,1
1299,2
1300,3
1301,5
1302,2
1303,2
1304,3
1305,2
1306,3
1307,3
1308,2
1309,2
1310,3
1311,2
1312,1
1313,5
1314,3
1315,3
1316,1
1317,3
1318,1
1319,4
1320,1
1321,5
1322,1
1323,1
1324,4
1325,1
1326,1
1327,1
1328,1
1329,2
1330,2
1331,4
1332,1
1333,2
1334,3
1335,3
1336,4
1337,1
1338,4
1339,4
1340,5
1341,1
1342,3
1343,2
1344,1
1345,1
1346,5
1347,5
1348,5
1349,3
1350,3
1351,4
1352,2
1353,2
1354,4
1355,1
1356,3
1357,5
1358,5
1359,1
1360,4
1361,5
1362,5
1363,1
1364,1
1365,3
1366,5
1367,3
1368,2
1369,2
1370,5
1371,5
1372,2
1373,3
1374,4
1375,5
1376,1
1377,1
1378,3
1379,3
1380,5
1381,3
1382,5
1383,1
1384,2
1385,4
1386,1
1387,4
1388,5
1389,2
1390,4
1391,5
1392,3
1393,5
1394,2
1395,5
1396,5
1397,4
1398,1
1399,2
1400,2
1401,3
1402,5
1403,1
1404,4
1405,3
1406,5
1407,1
1408,5
1409,2
1410,5
1411,2
1412,1
1413,2
1414,1
1415,2
1416,2
1417,2
1418,1
1419,2
1420,4
1421,3
1422,1
1423,1
1424,4
1425,1
1426,2
1427,1
1428,4
1429,2
1430,5
1431,1
1432,2
1433,2
1434,4
1435,4
1436,4
1437,3
1438,4
1439,1
1440,1
1441,4
1442,2
1443,1
1444,5
1445,1
1446,4
1447,5
1448,4
1449,3
1450,4
1451,4
1452,3
1453,1
1454,5
1455,4
1456,1
1457,5
1458,4
1459,1
1460,5
1461,2
1462,1
1463,4
1464,2
1465,5
1466,2
1467,4
1468,5
1469,5
1470,5
1471,3
1472,2
1473,5
1474,5
1475,4
1476,5
1477,1
1478,2
1479,5
1480,3
1481,5
1482,5
1483,1
1484,3
1485,3
1486,3
1487,1
1488,5
1489,2
1490,3
1491,3
1492,4
1493,5
1494,3
1495,1
1496,2
1497,2
1498,5
1499,5
1500,4
1501,5
1502,3
1503,2
1504,4
1505,1
1506,2
1507,5
1508,5
1509,1
1510,4
1511,3
1512,5
1513,5
1514,4
1515,2
1516,3
1517,3
1518,2
1519,2
1520,2
1521,1
1522,3
1523,3
1524,5
1525,4
1526,1
1527,3
1528,3
1529,1
1530,1
1531,5
1532,3
1533,1
1534,2
1535,4
1536,3
1537,4
1538,4
1539,5
1540,3
1541,4
1542,5
1543,1
1544,5
1545,3
1546,5
1547,1
1548,4
1549,2
1550,1
1551,3
1552,1
1553,4
1554,3
1555,4
1556,2
1557,4
1558,2
1559,4
1560,1
1561,3
1562,4
1563,4
1564,2
1565,2
1566,5
1567,5
1568,3
1569,2
1570,1
1571,1
1572,1
1573,4
1574,3
1575,4
1576,5
1577,5
1578,4
1579,1
1580,3
1581,2
1582,4
1583,4
1584,2
1585,3
1586,3
1587,3
1588,3
1589,4
1590,5
1591,2
1592,5
1593,2
1594,4
1595,3
1596,4
1597,4
1598,3
1599,3
1600,3
1601,1
1602,5
1603,1
1604,4
1605,5
1606,1
1607,5
1608,3
1609,2
1610,3
1611,3
1612,3
1613,5
1614,5
1615,4
1616,3
1617,1
1618,1
1619,2
1620,4
1621,4
1622,4
1623,3
1624,4
1625,5
1626,2
1627,4
1628,3
1629,1
1630,3
1631,4
1632,4
1633,3
1634,4
1635,3
1636,2
1637,1
1638,1
1639,1
1640,1
1641,3
1642,2
1643,5
1644,5
1645,3
1646,1
1647,4
1648,5
1649,2
1650,3
1651,2
1652,5
1653,1
1654,5
1655,3
1656,4
1657,3
1658,1
1659,4
1660,3
1661,4
1662,2
1663,5
1664,5
1665,5
1666,4
1667,4
1668,1
1669,4
1670,5
1671,5
1672,2
1673,2
1674,1
1675,4
1676,1
1677,3
1678,2
1679,2
1680,4
1681,2
1682,1
1683,5
1684,1
1685,4
1686,5
1687,5
1688,5
1689,1
1690,3
1691,1
1692,4
1693,1
1694,3
1695,4
1696,5
1697,2
1698,2
1699,2
1700,1
1701,4
1702,1
1703,5
1704,5
1705,1
1706,3
1707,3
1708,5
1709,1
1710,3
1711,4
1712,3
1713,5
1714,3
1715,3
1716,3
1717,2
1718,1
1719,1
1720,5
1721,2
1722,3
1723,1
1724,5
1725,1
1726,5
1727,4
1728,2
1729,1
1730,1
1731,4
1732,5
1733,5
1734,2
1735,4
1736,2
1737,1
1738,5
1739,1
1740,2
1741,5
1742,1
1743,3
1744,3
1745,1
1746,1
1747,3
1748,1
1749,3
1750,4
1751,2
1752,1
1753,1
1754,2
1755,3
1756,1
1757,3
1758,3
1759,1
1760,3
1761,1
1762,1
1763,3
1764,2
1765,2
1766,4
1767,4
1768,2
1769,1
1770,2
1771,3
1772,1
1773,2
1774,4
1775,3
1776,1
1777,5
1778,2
1779,4
1780,5
1781,4
1782,4
1783,5
1784,2
1785,2
1786,1
1787,2
1788,4
1789,3
1790,2
1791,1
1792,2
1793,5
1794,4
1795,4
1796,2
1797,3
1798,4
1799,4
1800,4
1801,1
1802,5
1803,1
1804,1
1805,2
1806,1
1807,1
1808,4
1809,2
1810,3
1811,3
1812,3
1813,2
1814,3
1815,5
1816,4
1817,2
1818,4
1819,3
1820,5
1821,5
1822,2
1823,4
1824,5
1825,2
1826,5
1827,3
1828,3
1829,5
1830,4
1831,5
1832,5
1833,1
1834,2
1835,3
1836,5
1837,3
1838,1
1839,5
1840,5
1841,3
1842,3
1843,3
1844,3
1845,3
1846,3
1847,5
1848,3
1849,3
1850,5
1851,2
1852,1
1853,3
1854,1
1855,2
1856,5
1857,2
1858,3
1859,4
1860,3
1861,1
1862,1
1863,1
1864,4
1865,1
1866,1
1867,5
1868,2
1869,3
1870,1
1871,4
1872,5
1873,2
1874,5
1875,5
1876,4
1877,4
1878,4
1879,5
1880,3
1881,5
1882,1
1883,4
1884,4
1885,2
1886,5
1887,1
1888,1
1889,2
1890,3
1891,3
1892,3
1893,1
1894,5
1895,3
1896,3
1897,3
1898,3
1899,4
1900,1
1901,5
1902,5
1903,4
1904,5
1905,5
1906,1
1907,4
1908,3
1909,4
1910,3
1911,3
1912,5
1913,4
1914,3
1915,5
1916,4
1917,2
1918,5
1919,5
1920,1
1921,1
1922,5
1923,1
1924,3
1925,5
1926,3
1927,3
1928,4
1929,5
1930,4
1931,2
1932,3
1933,1
1934,4
1935,5
1936,5
1937,1
1938,2
1939,1
1940,3
1941,2
1942,4
1943,3
1944,4
1945,3
1946,4
1947,1
1948,4
1949,5
1950,1
1951,3
1952,5
1953,2
1954,3
1955,1
1956,5
1957,2
1958,5
1959,4
1960,1
1961,3
1962,2
1963,2
1964,3
1965,4
1966,1
1967,3
1968,5
1969,1
1970,5
1971,3
1972,4
1973,4
1974,1
1975,5
1976,2
1977,1
1978,2
1979,1
1980,4
1981,3
1982,3
1983,5
1984,4
1985,3
1986,5
1987,2
1988,3
1989,1
1990,2
1991,2
1992,5
1993,2
1994,4
1995,1
1996,3
1997,1
1998,4
1999,1
2000,5
2001,5
2002,4
2003,4
2004,5
2005,4
2006,4
2007,1
2008,2
2009,5
2010,1
2011,2
2012,1
2013,1
2014,2
2015,4
2016,1
2017,2
2018,2
2019,4
2020,2
2021,4
2022,2
2023,4
2024,1
2025,4
2026,1
2027,2
2028,2
2029,5
2030,2
2031,3
2032,5
2033,3
2034,2
2035,1
2036,3
2037,3
2038,1
2039,1
2040,2
2041,1
2042,4
2043,2
2044,5
2045,5
2046,1
2047,4
2048,4
2049,3
2050,3
2051,4
2052,4
2053,2
2054,5
2055,1
2056,3
2057,2
2058,2
2059,5
2060,5
2061,1
2062,4
2063,5
2064,2
2065,4
2066,1
2067,3
2068,1
2069,4
2070,4
2071,2
2072,2
2073,1
2074,3
2075,5
2076,1
2077,5
2078,4
2079,4
2080,5
2081,5
2082,4
2083,3
2084,5
2085,2
2086,4
2087,2
2088,4
2089,1
2090,1
2091,3
2092,2
2093,4
2094,5
2095,2
2096,4
2097,2
2098,3
2099,2
2100,5
2101,2
2102,2
2103,2
2104,5
2105,5
2106,3
2107,5
2108,3
2109,4
2110,1
2111,1
2112,5
2113,1
2114,1
2115,5
2116,2
2117,1
2118,5
2119,2
2120,1
2121,1
2122,4
2123,4
2124,3
2125,5
2126,1
2127,5
2128,5
2129,2
2130,5
2131,4
2132,3
2133,1
2134,1
2135,4
2136,4
2137,5
2138,4
2139,4
2140,4
2141,5
2142,1
2143,1
2144,2
2145,1
2146,4
2147,2
2148,1
2149,3
2150,3
2151,2
2152,5
2153,5
2154,5
2155,5
2156,2
2157,4
2158,1
2159,4
2160,5
2161,4
2162,5
2163,1
2164,1
2165,5
2166,3
2167,2
2168,2
2169,4
2170,5
2171,3
2172,5
2173,2
2174,5
2175,2
2176,5
2177,4
2178,4
2179,5
2180,2
2181,4
2182,4
2183,1
2184,5
2185,5
2186,1
2187,3
2188,1
2189,5
2190,2
2191,3
2192,5
2193,2
2194,5
2195,1
2196,2
2197,2
2198,5
2199,3
2200,3
2201,5
2202,2
2203,5
2204,3
2205,2
2206,1
2207,1
2208,5
2209,5
2210,5
2211,1
2212,2
2213,1
2214,1
2215,2
2216,4
2217,2
2218,5
2219,4
2220,5
2221,1
2222,3
2223,2
2224,2
2225,5
2226,3
2227,4
2228,4
2229,1
2230,5
2231,4
2232,1
2233,5
2234,4
2235,1
2236,5
2237,5
2238,2
2239,2
2240,4
2241,3
2242,5
2243,2
2244,1
2245,3
2246,1
2247,2
2248,2
2249,1
2250,3
2251,3
2252,4
2253,3
2254,4
2255,5
2256,3
2257,3
2258,2
2259,5
2260,1
2261,2
2262,4
2263,2
2264,4
2265,1
2266,1
2267,1
2268,2
2269,5
2270,3
2271,5
2272,5
2273,4
2274,4
2275,1
2276,2
2277,1
2278,1
2279,1
2280,2
2281,3
2282,2
2283,4
2284,3
2285,4
2286,2
2287,4
2288,1
2289,4
2290,5
2291,2
2292,3
2293,3
2294,5
2295,4
2296,4
2297,1
2298,2
2299,5
2300,4
2301,2
2302,2
2303,2
2304,2
2305,5
2306,2
2307,3
2308,5
2309,3
2310,1
2311,1
2312,4
2313,3
2314,5
2315,1
2316,4
2317,4
2318,4
2319,4
2320,5
2321,4
2322,5
2323,3
2324,2
2325,4
2326,3
2327,5
2328,1
2329,5
2330,1
2331,4
2332,1
2333,2
2334,5
2335,1
2336,4
2337,3
2338,4
2339,3
2340,1
2341,1
2342,2
2343,2
2344,1
2345,3
2346,4
2347,5
2348,4
2349,2
2350,3
2351,3
2352,4
2353,1
2354,4
2355,3
2356,4
2357,1
2358,3
2359,5
2360,5
2361,4
2362,3
2363,1
2364,1
2365,3
2366,3
2367,1
2368,5
2369,1
2370,5
2371,3
2372,5
2373,2
2374,5
2375,1
2376,1
2377,2
2378,4
2379,1
2380,1
2381,3
2382,4
2383,4
2384,3
2385,1
2386,5
2387,4
2388,3
2389,3
2390,3
2391,5
2392,5
2393,3
2394,4
2395,4
2396,2
2397,2
2398,4
2399,2
2400,3
2401,5
2402,4
2403,4
2404,2
2405,1
2406,3
2407,3
2408,1
2409,2
2410,2
2411,3
2412,3
2413,1
2414,3
2415,4
2416,4
2417,1
2418,1
2419,5
2420,1
2421,1
2422,5
2423,4
2424,4
2425,4
2426,2
2427,3
2428,3
2429,2
2430,2
2431,4
2432,5
2433,1
2434,5
2435,2
2436,1
2437,5
2438,1
2439,4
2440,5
2441,2
2442,3
2443,2
2444,5
2445,3
2446,3
2447,3
2448,3
2449,2
2450,3
2451,5
2452,3
2453,4
2454,2
2455,4
2456,1
2457,5
2458,5
2459,4
2460,5
2461,4
2462,2
2463,1
2464,2
2465,3
2466,4
2467,5
2468,1
2469,3
2470,1
2471,4
2472,1
2473,2
2474,4
2475,1
2476,3
2477,5
2478,1
2479,1
2480,4
2481,2
2482,4
2483,2
2484,5
2485,3
2486,5
2487,1
2488,2
2489,1
2490,2
2491,1
2492,4
2493,5
2494,1
2495,2
2496,1
2497,4
2498,3
2499,4
2500,3
2501,5
2502,3
2503,2
2504,5
2505,1
2506,5
2507,4
2508,4
2509,2
2510,5
2511,5
2512,4
2513,3
2514,5
2515,4
2516,4
2517,4
2518,4
2519,4
2520,5
2521,4
2522,5
2523,3
2524,3
2525,5
2526,4
2527,3
2528,3
2529,4
2530,2
2531,4
2532,3
2533,5
2534,3
2535,2
2536,5
2537,4
2538,5
2539,5
2540,3
2541,5
2542,2
2543,2
2544,5
2545,5
2546,4
2547,5
2548,4
2549,1
2550,1
2551,4
2552,1
2553,4
2554,4
2555,4
2556,1
2557,2
2558,3
2559,3
2560,1
2561,2
2562,1
2563,2
2564,2
2565,2
2566,4
2567,1
2568,1
2569,5
2570,2
2571,5
2572,2
2573,3
2574,5
2575,3
2576,4
2577,4
2578,3
2579,3
2580,5
2581,5
2582,4
2583,4
2584,5
2585,2
2586,4
2587,3
2588,5
2589,1
2590,4
2591,4
2592,3
2593,1
2594,5
2595,2
2596,4
2597,2
2598,5
2599,3
2600,3
2601,3
2602,2
2603,3
2604,1
2605,5
2606,1
2607,5
2608,1
2609,1
2610,5
2611,2
2612,5
2613,1
2614,5
2615,5
2616,1
2617,5
2618,2
2619,4
2620,5
2621,1
2622,5
2623,2
2624,3
2625,5
2626,5
2627,2
2628,1
2629,4
2630,5
2631,3
2632,5
2633,3
2634,3
2635,4
2636,4
2637,2
2638,2
2639,5
2640,5
2641,4
2642,3
2643,1
2644,2
2645,5
2646,4
2647,1
2648,3
2649,5
2650,3
2651,5
2652,4
2653,4
2654,3
2655,4
2656,5
2657,3
2658,2
2659,4
2660,5
2661,5
2662,3
2663,4
2664,1
2665,5
2666,3
2667,3
2668,5
2669,5
2670,4
2671,1
2672,5
2673,3
2674,3
2675,5
2676,4
2677,2
2678,5
2679,3
2680,1
2681,1
2682,2
2683,5
2684,1
2685,1
2686,2
2687,3
2688,4
2689,1
2690,5
2691,2
2692,1
2693,1
2694,4
2695,5
2696,3
2697,5
2698,5
2699,4
2700,3
2701,5
2702,4
2703,3
2704,1
2705,1
2706,4
2707,2
2708,1
2709,3
2710,5
2711,4
2712,1
2713,1
2714,5
2715,3
2716,5
2717,3
2718,3
2719,5
2720,4
2721,2
2722,1
2723,5
2724,4
2725,5
2726,3
2727,3
2728,4
2729,5
2730,5
2731,4
2732,4
2733,1
2734,3
2735,1
2736,3
2737,5
2738,2
2739,3
2740,4
2741,2
2742,3
2743,2
2744,2
2745,3
2746,2
2747,5
2748,2
2749,3
2750,3
2751,2
2752,1
2753,4
2754,4
2755,3
2756,3
2757,2
2758,1
2759,5
2760,3
2761,4
2762,4
2763,5
2764,2
2765,1
2766,3
2767,2
2768,3
2769,1
2770,3
2771,2
2772,3
2773,2
2774,4
2775,3
2776,1
2777,5
2778,1
2779,5
2780,4
2781,1
2782,5
2783,3
2784,4
2785,3
2786,4
2787,5
2788,1
2789,5
2790,4
2791,4
2792,1
2793,4
2794,2
2795,3
2796,2
2797,1
2798,3
2799,3
2800,4
2801,3
2802,5
2803,2
2804,3
2805,5
2806,4
2807,1
2808,1
2809,1
2810,5
2811,1
2812,3
2813,2
2814,2
2815,4
2816,2
2817,3
2818,1
2819,3
2820,3
2821,2
2822,4
2823,3
2824,4
2825,1
2826,4
2827,2
2828,1
2829,3
2830,2
2831,2
2832,2
2833,5
2834,5
2835,2
2836,3
2837,3
2838,1
2839,5
2840,5
2841,5
2842,4
2843,3
2844,2
2845,4
2846,1
2847,1
2848,2
2849,2
2850,4
2851,2
2852,4
2853,5
2854,1
2855,4
2856,3
2857,1
2858,4
2859,3
2860,5
2861,3
2862,2
2863,3
2864,4
2865,3
2866,5
2867,1
2868,2
2869,4
2870,1
2871,3
2872,2
2873,4
2874,3
2875,2
2876,2
2877,5
2878,5
2879,5
2880,5
2881,4
2882,2
2883,4
2884,1
2885,2
2886,4
2887,3
2888,3
2889,2
2890,3
2891,5
2892,4
2893,1
2894,4
2895,3
2896,5
2897,3
2898,5
2899,2
2900,5
2901,5
2902,5
2903,2
2904,1
2905,5
2906,1
2907,2
2908,5
2909,1
2910,1
2911,3
2912,3
2913,2
2914,1
2915,2
2916,3
2917,3
2918,1
2919,2
2920,2
2921,4
2922,5
2923,2
2924,2
2925,4
2926,5
2927,5
2928,1
2929,5
2930,5
2931,5
2932,4
2933,4
2934,5
2935,5
2936,1
2937,2
2938,5
2939,3
2940,3
2941,1
2942,5
2943,2
2944,3
2945,5
2946,3
2947,1
2948,5
2949,1
2950,3
2951,5
2952,3
2953,4
2954,5
2955,2
2956,3
2957,5
2958,3
2959,1
2960,2
2961,3
2962,1
2963,4
2964,2
2965,2
2966,3
2967,4
2968,2
2969,3
2970,5
2971,2
2972,3
2973,5
2974,1
2975,5
2976,5
2977,4
2978,2
2979,2
2980,2
2981,4
2982,3
2983,2
2984,4
2985,2
2986,1
2987,3
2988,5
2989,2
2990,2
2991,3
2992,4
2993,2
2994,1
2995,1
2996,5
2997,5
2998,1
2999,1
3000,4
3001,1
3002,4
3003,4
3004,4
3005,3
3006,2
3007,2
3008,4
3009,3
3010,5
3011,4
3012,4
3013,4
3014,4
3015,4
3016,2
3017,1
3018,4
3019,2
3020,4
3021,5
3022,3
3023,3
3024,5
3025,4
3026,3
3027,2
3028,5
3029,4
3030,5
3031,2
3032,5
3033,4
3034,1
3035,1
3036,1
3037,2
3038,5
3039,5
3040,4
3041,1
3042,5
3043,5
3044,1
3045,2
3046,5
3047,1
3048,2
3049,4
3050,4
3051,3
3052,5
3053,5
3054,3
3055,3
3056,3
3057,5
3058,1
3059,2
3060,5
3061,3
3062,5
3063,1
3064,1
3065,2
3066,2
3067,4
3068,1
3069,2
3070,3
3071,4
3072,3
3073,5
3074,4
3075,1
3076,1
3077,4
3078,1
3079,2
3080,2
3081,4
3082,1
3083,3
3084,4
3085,1
3086,4
3087,4
3088,5
3089,2
3090,3
3091,1
3092,5
3093,2
3094,2
3095,1
3096,5
3097,3
3098,1
3099,3
3100,4
3101,5
3102,5
3103,4
3104,2
3105,2
3106,4
3107,4
3108,3
3109,1
3110,1
3111,2
3112,4
3113,4
3114,2
3115,5
3116,5
3117,1
3118,2
3119,3
3120,1
3121,2
3122,4
3123,3
3124,3
3125,5
3126,1
3127,4
3128,1
3129,3
3130,5
3131,4
3132,1
3133,4
3134,1
3135,3
3136,5
3137,5
3138,5
3139,2
3140,1
3141,4
3142,2
3143,2
3144,5
3145,5
3146,3
3147,2
3148,4
3149,3
3150,3
3151,1
3152,4
3153,2
3154,2
3155,2
3156,5
3157,4
3158,2
3159,3
3160,4
3161,5
3162,2
3163,5
3164,4
3165,2
3166,4
3167,4
3168,4
3169,3
3170,5
3171,1
3172,1
3173,4
3174,4
3175,4
3176,2
3177,4
3178,2
3179,3
3180,3
3181,1
3182,4
3183,3
3184,5
3185,4
3186,2
3187,4
3188,1
3189,2
3190,2
3191,1
3192,4
3193,5
3194,2
3195,4
3196,5
3197,2
3198,4
3199,5
3200,5
3201,2
3202,5
3203,5
3204,3
3205,2
3206,5
3207,2
3208,5
3209,4
3210,5
3211,1
3212,2
3213,4
3214,1
3215,1
3216,1
3217,4
3218,2
3219,3
3220,3
3221,2
3222,3
3223,3
3224,3
3225,5
3226,1
3227,3
3228,2
3229,4
3230,2
3231,1
3232,2
3233,5
3234,4
3235,2
3236,5
3237,3
3238,3
3239,1
3240,1
3241,3
3242,5
3243,5
3244,3
3245,2
3246,5
3247,2
3248,4
3249,2
3250,5
3251,2
3252,4
3253,5
3254,4
3255,3
3256,4
3257,2
3258,4
3259,4
3260,3
3261,3
3262,4
3263,4
3264,3
3265,5
3266,1
3267,2
3268,2
3269,3
3270,3
3271,5
3272,2
3273,3
3274,1
3275,4
3276,2
3277,4
3278,5
3279,1
3280,4
3281,3
3282,4
3283,4
3284,4
3285,5
3286,1
3287,5
3288,3
3289,1
3290,5
3291,2
3292,5
3293,2
3294,2
3295,5
3296,4
3297,4
3298,1
3299,1
3300,4
3301,1
3302,5
3303,1
3304,4
3305,3
3306,1
3307,2
3308,2
3309,1
3310,4
3311,4
3312,4
3313,2
3314,1
3315,2
3316,3
3317,3
3318,4
3319,3
3320,2
3321,3
3322,3
3323,2
3324,2
3325,4
3326,5
3327,5
3328,4
3329,4
3330,5
3331,2
3332,1
3333,3
3334,4
3335,1
3336,3
3337,3
3338,5
3339,5
3340,5
3341,1
3342,2
3343,1
3344,2
3345,5
3346,1
3347,4
3348,5
3349,1
3350,1
3351,5
3352,2
3353,1
3354,2
3355,1
3356,2
3357,5
3358,4
3359,3
3360,2
3361,3
3362,3
3363,3
3364,5
3365,5
3366,4
3367,4
3368,4
3369,5
3370,3
3371,4
3372,3
3373,4
3374,2
3375,5
3376,2
3377,5
3378,2
3379,5
3380,4
3381,3
3382,1
3383,4
3384,3
3385,3
3386,5
3387,2
3388,1
3389,3
3390,1
3391,1
3392,1
3393,5
3394,5
3395,2
3396,3
3397,3
3398,3
3399,4
3400,4
3401,2
3402,5
3403,4
3404,2
3405,5
3406,1
3407,1
3408,2
3409,1
3410,2
3411,3
3412,4
3413,2
3414,5
3415,3
3416,5
3417,5
3418,4
3419,3
3420,4
3421,5
3422,3
3423,2
3424,2
3425,1
3426,5
3427,2
3428,2
3429,3
3430,4
3431,3
3432,4
3433,2
3434,5
3435,5
3436,3
3437,2
3438,5
3439,5
3440,1
3441,4
3442,4
3443,1
3444,2
3445,1
3446,1
3447,3
3448,2
3449,2
3450,1
3451,4
3452,2
3453,3
3454,1
3455,1
3456,1
3457,4
3458,5
3459,2
3460,3
3461,2
3462,5
3463,5
3464,2
3465,4
3466,4
3467,3
3468,1
3469,2
3470,3
3471,2
3472,3
3473,1
3474,4
3475,5
3476,1
3477,5
3478,1
3479,3
3480,4
3481,4
3482,4
3483,2
3484,1
3485,5
3486,4
3487,3
3488,5
3489,2
3490,3
3491,5
3492,5
3493,4
3494,4
3495,2
3496,1
3497,3
3498,1
3499,5
3500,1
3501,5
3502,1
3503,3
3504,1
3505,5
3506,3
3507,3
3508,4
3509,5
3510,1
3511,3
3512,3
3513,2
3514,3
3515,2
3516,5
3517,1
3518,3
3519,5
3520,5
3521,4
3522,2
3523,1
3524,2
3525,4
3526,2
3527,1
3528,3
3529,4
3530,2
3531,2
3532,5
3533,3
3534,1
3535,1
3536,1
3537,2
3538,2
3539,4
3540,3
3541,5
3542,5
3543,1
3544,3
3545,5
3546,2
3547,3
3548,3
3549,1
3550,2
3551,2
3552,2
3553,3
3554,3
3555,4
3556,3
3557,2
3558,2
3559,5
3560,1
3561,2
3562,3
3563,1
3564,2
3565,3
3566,1
3567,4
3568,5
3569,2
3570,4
3571,2
3572,4
3573,1
3574,3
3575,5
3576,1
3577,1
3578,2
3579,1
3580,1
3581,4
3582,2
3583,1
3584,3
3585,1
3586,5
3587,5
3588,3
3589,4
3590,2
3591,2
3592,5
3593,5
3594,4
3595,4
3596,1
3597,3
3598,3
3599,2
3600,2
3601,2
3602,4
3603,3
3604,4
3605,1
3606,3
3607,4
3608,4
3609,2
3610,4
3611,5
3612,1
3613,2
3614,4
3615,4
3616,1
3617,1
3618,2
3619,5
3620,4
3621,2
3622,1
3623,3
3624,1
3625,2
3626,3
3627,3
3628,2
3629,4
3630,1
3631,1
3632,5
3633,3
3634,3
3635,5
3636,1
3637,2
3638,4
3639,1
3640,1
3641,1
3642,2
3643,1
3644,5
3645,3
3646,4
3647,4
3648,3
3649,4
3650,5
3651,5
3652,2
3653,1
3654,5
3655,4
3656,4
3657,2
3658,5
3659,1
3660,3
3661,2
3662,4
3663,5
3664,1
3665,2
3666,4
3667,4
3668,1
3669,1
3670,3
3671,1
3672,4
3673,1
3674,3
3675,4
3676,3
3677,2
3678,4
3679,5
3680,4
3681,2
3682,1
3683,3
3684,5
3685,2
3686,5
3687,4
3688,4
3689,2
3690,4
3691,1
3692,4
3693,5
3694,2
3695,1
3696,1
3697,4
3698,5
3699,4
3700,4
3701,3
3702,5
3703,4
3704,4
3705,3
3706,5
3707,4
3708,3
3709,5
3710,2
3711,5
3712,1
3713,5
3714,2
3715,2
3716,3
3717,5
3718,1
3719,1
3720,5
3721,2
3722,1
3723,1
3724,4
3725,4
3726,5
3727,4
3728,1
3729,4
3730,4
3731,3
3732,4
3733,3
3734,4
3735,3
3736,2
3737,1
3738,3
3739,2
3740,3
3741,5
3742,5
3743,5
3744,1
3745,3
3746,3
3747,5
3748,4
3749,4
3750,2
3751,3
3752,5
3753,5
3754,4
3755,2
3756,4
3757,5
3758,5
3759,5
3760,4
3761,2
3762,5
3763,3
3764,1
3765,3
3766,4
3767,2
3768,2
3769,4
3770,4
3771,2
3772,1
3773,2
3774,5
3775,3
3776,4
3777,1
3778,1
3779,2
3780,3
3781,1
3782,4
3783,2
3784,2
3785,3
3786,4
3787,5
3788,5
3789,1
3790,1
3791,1
3792,4
3793,5
3794,2
3795,4
3796,4
3797,2
3798,5
3799,3
3800,4
3801,5
3802,3
3803,5
3804,4
3805,3
3806,5
3807,1
3808,1
3809,1
3810,2
3811,2
3812,4
3813,1
3814,3
3815,5
3816,4
3817,2
3818,2
3819,3
3820,4
3821,3
3822,4
3823,5
3824,5
3825,4
3826,5
3827,1
3828,4
3829,5
3830,2
3831,2
3832,4
3833,4
3834,1
3835,5
3836,1
3837,2
3838,4
3839,1
3840,1
3841,4
3842,2
3843,1
3844,1
3845,4
3846,3
3847,5
3848,4
3849,1
3850,5
3851,1
3852,1
3853,1
3854,5
3855,2
3856,4
3857,4
3858,4
3859,4
3860,1
3861,5
3862,3
3863,4
3864,3
3865,1
3866,5
3867,5
3868,4
3869,1
3870,5
3871,2
3872,2
3873,3
3874,1
3875,1
3876,5
3877,1
3878,5
3879,3
3880,1
3881,1
3882,3
3883,5
3884,4
3885,1
3886,4
3887,3
3888,1
3889,1
3890,4
3891,1
3892,5
3893,3
3894,4
3895,2
3896,1
3897,1
3898,4
3899,3
3900,3
3901,5
3902,2
3903,1
3904,1
3905,4
3906,5
3907,4
3908,5
3909,3
3910,1
3911,3
3912,2
3913,2
3914,5
3915,5
3916,5
3917,1
3918,2
3919,3
3920,5
3921,5
3922,2
3923,4
3924,3
3925,4
3926,4
3927,1
3928,5
3929,2
3930,5
3931,2
3932,4
3933,2
3934,2
3935,4
3936,5
3937,3
3938,2
3939,5
3940,5
3941,5
3942,1
3943,2
3944,5
3945,1
3946,2
3947,2
3948,2
3949,4
3950,5
3951,1
3952,5
3953,2
3954,2
3955,5
3956,1
3957,4
3958,4
3959,3
3960,5
3961,4
3962,3
3963,4
3964,4
3965,5
3966,3
3967,4
3968,3
3969,5
3970,4
3971,4
3972,5
3973,5
3974,3
3975,3
3976,5
3977,5
3978,3
3979,1
3980,4
3981,3
3982,4
3983,3
3984,2
3985,5
3986,5
3987,4
3988,5
3989,5
3990,5
3991,1
3992,5
3993,4
3994,4
3995,4
3996,4
3997,5
3998,4
3999,3
4000,4
4001,2
4002,2
4003,3
4004,4
4005,3
4006,3
4007,3
4008,2
4009,3
4010,5
4011,3
4012,3
4013,4
4014,5
4015,2
4016,2
4017,5
4018,4
4019,3
4020,1
4021,1
4022,5
4023,2
4024,3
4025,3
4026,4
4027,3
4028,2
4029,1
4030,4
4031,4
4032,4
4033,3
4034,2
4035,4
4036,5
4037,4
4038,2
4039,5
4040,1
4041,1
4042,4
4043,5
4044,1
4045,2
4046,1
4047,1
4048,3
4049,3
4050,3
4051,2
4052,1
4053,5
4054,2
4055,3
4056,3
4057,4
4058,4
4059,4
4060,5
4061,1
4062,4
4063,2
4064,1
4065,4
4066,2
4067,5
4068,5
4069,3
4070,3
4071,5
4072,2
4073,1
4074,2
4075,1
4076,4
4077,2
4078,5
4079,5
4080,3
4081,4
4082,2
4083,4
4084,4
4085,1
4086,1
4087,2
4088,4
4089,3
4090,1
4091,2
4092,1
4093,4
4094,1
4095,5
4096,2
4097,4
4098,3
4099,1
4100,4
4101,2
4102,3
4103,3
4104,1
4105,1
4106,4
4107,1
4108,5
4109,1
4110,1
4111,1
4112,2
4113,3
4114,4
4115,1
4116,4
4117,5
4118,1
4119,2
4120,3
4121,3
4122,1
4123,5
4124,2
4125,2
4126,1
4127,5
4128,3
4129,3
4130,5
4131,3
4132,3
4133,3
4134,2
4135,4
4136,5
4137,5
4138,3
4139,4
4140,2
4141,2
4142,5
4143,3
4144,1
4145,5
4146,3
4147,2
4148,1
4149,5
4150,2
4151,2
4152,3
4153,3
4154,4
4155,4
4156,3
4157,3
4158,5
4159,1
4160,2
4161,3
4162,1
4163,4
4164,2
4165,1
4166,4
4167,3
4168,3
4169,2
4170,4
4171,5
4172,4
4173,5
4174,5
4175,5
4176,3
4177,4
4178,1
4179,5
4180,1
4181,2
4182,2
4183,3
4184,2
4185,4
4186,1
4187,3
4188,3
4189,3
4190,5
4191,5
4192,3
4193,3
4194,5
4195,2
4196,2
4197,3
4198,3
4199,2
4200,3
4201,1
4202,4
4203,1
4204,3
4205,4
4206,1
4207,1
4208,4
4209,5
4210,1
4211,5
4212,2
4213,4
4214,4
4215,5
4216,2
4217,4
4218,4
4219,1
4220,5
4221,5
4222,4
4223,3
4224,2
4225,4
4226,3
4227,1
4228,3
4229,1
4230,3
4231,1
4232,3
4233,4
4234,4
4235,5
4236,2
4237,1
4238,1
4239,3
4240,4
4241,2
4242,5
4243,5
4244,1
4245,4
4246,5
4247,3
4248,4
4249,1
4250,3
4251,2
4252,5
4253,3
4254,3
4255,1
4256,5
4257,5
4258,2
4259,1
4260,2
4261,1
4262,2
4263,2
4264,5
4265,1
4266,1
4267,5
4268,1
4269,5
4270,4
4271,4
4272,3
4273,3
4274,4
4275,3
4276,2
4277,1
4278,2
4279,2
4280,2
4281,3
4282,5
4283,3
4284,2
4285,5
4286,1
4287,2
4288,4
4289,5
4290,5
4291,3
4292,1
4293,3
4294,1
4295,4
4296,2
4297,5
4298,2
4299,5
4300,3
4301,1
4302,5
4303,1
4304,2
4305,3
4306,2
4307,4
4308,3
4309,3
4310,5
4311,1
4312,2
4313,3
4314,4
4315,3
4316,1
4317,5
4318,2
4319,5
4320,4
4321,1
4322,2
4323,5
4324,4
4325,3
4326,5
4327,3
4328,2
4329,3
4330,1
4331,3
4332,5
4333,2
4334,5
4335,4
4336,4
4337,5
4338,5
4339,1
4340,4
4341,2
4342,5
4343,3
4344,1
4345,1
4346,4
4347,5
4348,2
4349,5
4350,1
4351,1
4352,5
4353,4
4354,5
4355,5
4356,4
4357,4
4358,3
4359,1
4360,3
4361,1
4362,5
4363,1
4364,3
4365,1
4366,5
4367,2
4368,4
4369,1
4370,5
4371,5
4372,2
4373,5
4374,1
4375,1
4376,1
4377,3
4378,1
4379,4
4380,4
4381,5
4382,4
4383,3
4384,4
4385,2
4386,2
4387,5
4388,3
4389,5
4390,1
4391,4
4392,2
4393,2
4394,4
4395,2
4396,2
4397,5
4398,3
4399,4
4400,5
4401,4
4402,5
4403,5
4404,2
4405,1
4406,2
4407,5
4408,3
4409,3
4410,1
4411,4
4412,1
4413,2
4414,4
4415,4
4416,4
4417,4
4418,1
4419,4
4420,2
4421,3
4422,3
4423,2
4424,2
4425,1
4426,3
4427,5
4428,3
4429,3
4430,5
4431,4
4432,4
4433,3
4434,1
4435,3
4436,5
4437,1
4438,3
4439,4
4440,1
4441,2
4442,2
4443,2
4444,5
4445,4
4446,2
4447,1
4448,3
4449,4
4450,2
4451,4
4452,2
4453,3
4454,1
4455,4
4456,2
4457,1
4458,2
4459,3
4460,2
4461,1
4462,1
4463,3
4464,5
4465,1
4466,5
4467,2
4468,5
4469,5
4470,3
4471,2
4472,2
4473,3
4474,1
4475,3
4476,3
4477,2
4478,3
4479,4
4480,3
4481,3
4482,3
4483,1
4484,4
4485,1
4486,3
4487,1
4488,3
4489,1
4490,1
4491,1
4492,3
4493,2
4494,2
4495,2
4496,3
4497,2
4498,2
4499,5
4500,1
4501,2
4502,3
4503,1
4504,2
4505,1
4506,3
4507,5
4508,3
4509,4
4510,1
4511,2
4512,2
4513,2
4514,2
4515,2
4516,5
4517,2
4518,1
4519,4
4520,1
4521,2
4522,5
4523,1
4524,2
4525,4
4526,2
4527,5
4528,3
4529,5
4530,5
4531,5
4532,2
4533,1
4534,1
4535,4
4536,1
4537,3
4538,4
4539,3
4540,1
4541,3
4542,5
4543,4
4544,5
4545,4
4546,3
4547,3
4548,3
4549,1
4550,5
4551,2
4552,5
4553,1
4554,1
4555,1
4556,2
4557,1
4558,4
4559,3
4560,1
4561,5
4562,5
4563,2
4564,1
4565,4
4566,2
4567,5
4568,2
4569,3
4570,4
4571,3
4572,3
4573,4
4574,3
4575,2
4576,1
4577,3
4578,2
4579,4
4580,3
4581,1
4582,2
4583,1
4584,1
4585,5
4586,5
4587,2
4588,2
4589,3
4590,2
4591,5
4592,5
4593,1
4594,5
4595,2
4596,3
4597,5
4598,2
4599,3
4600,2
4601,5
4602,2
4603,2
4604,3
4605,3
4606,1
4607,5
4608,5
4609,1
4610,1
4611,3
4612,1
4613,1
4614,2
4615,1
4616,3
4617,1
4618,5
4619,2
4620,4
4621,1
4622,5
4623,3
4624,3
4625,4
4626,1
4627,5
4628,1
4629,5
4630,5
4631,1
4632,4
4633,4
4634,5
4635,3
4636,5
4637,3
4638,3
4639,2
4640,4
4641,5
4642,4
4643,2
4644,2
4645,4
4646,2
4647,3
4648,4
4649,5
4650,5
4651,3
4652,5
4653,3
4654,3
4655,4
4656,4
4657,2
4658,1
4659,3
4660,1
4661,2
4662,1
4663,4
4664,4
4665,1
4666,3
4667,4
4668,1
4669,4
4670,1
4671,5
4672,1
4673,4
4674,4
4675,5
4676,1
4677,1
4678,3
4679,3
4680,1
4681,2
4682,3
4683,1
4684,1
4685,4
4686,4
4687,1
4688,1
4689,5
4690,2
4691,1
4692,3
4693,5
4694,4
4695,5
4696,4
4697,5
4698,1
4699,3
4700,5
4701,4
4702,5
4703,4
4704,1
4705,3
4706,5
4707,4
4708,1
4709,1
4710,1
4711,2
4712,5
4713,3
4714,2
4715,4
4716,1
4717,1
4718,2
4719,5
4720,4
4721,1
4722,3
4723,2
4724,3
4725,2
4726,1
4727,5
4728,4
4729,2
4730,2
4731,3
4732,1
4733,4
4734,5
4735,1
4736,4
4737,5
4738,1
4739,4
4740,4
4741,3
4742,5
4743,3
4744,2
4745,2
4746,3
4747,3
4748,5
4749,2
4750,5
4751,3
4752,5
4753,1
4754,1
4755,4
4756,3
4757,3
4758,1
4759,5
4760,3
4761,5
4762,3
4763,5
4764,1
4765,1
4766,2
4767,3
4768,3
4769,5
4770,2
4771,2
4772,1
4773,1
4774,3
4775,4
4776,4
4777,4
4778,3
4779,1
4780,4
4781,1
4782,5
4783,4
4784,4
4785,4
4786,3
4787,4
4788,3
4789,4
4790,5
4791,3
4792,1
4793,5
4794,2
4795,4
4796,4
4797,2
4798,3
4799,3
4800,4
4801,2
4802,3
4803,1
4804,5
4805,1
4806,5
4807,4
4808,1
4809,3
4810,4
4811,4
4812,3
4813,4
4814,1
4815,2
4816,2
4817,1
4818,3
4819,5
4820,5
4821,2
4822,5
4823,5
4824,5
4825,2
4826,5
4827,3
4828,2
4829,1
4830,2
4831,2
4832,4
4833,2
4834,5
4835,2
4836,5
4837,1
4838,4
4839,4
4840,4
4841,5
4842,4
4843,5
4844,5
4845,4
4846,3
4847,5
4848,5
4849,2
4850,5
4851,4
4852,1
4853,5
4854,4
4855,3
4856,2
4857,1
4858,2
4859,2
4860,3
4861,3
4862,5
4863,1
4864,5
4865,3
4866,4
4867,3
4868,3
4869,4
4870,3
4871,5
4872,2
4873,5
4874,4
4875,1
4876,1
4877,5
4878,4
4879,4
4880,5
4881,3
4882,3
4883,5
4884,3
4885,3
4886,1
4887,4
4888,1
4889,5
4890,5
4891,5
4892,4
4893,4
4894,5
4895,2
4896,4
4897,3
4898,3
4899,1
4900,2
4901,4
4902,2
4903,4
4904,1
4905,2
4906,2
4907,1
4908,1
4909,4
4910,3
4911,5
4912,3
4913,5
4914,3
4915,3
4916,3
4917,1
4918,5
4919,2
4920,4
4921,5
4922,1
4923,4
4924,4
4925,3
4926,1
4927,1
4928,3
4929,2
4930,4
4931,5
4932,5
4933,2
4934,1
4935,3
4936,4
4937,4
4938,4
4939,2
4940,4
4941,4
4942,4
4943,1
4944,2
4945,2
4946,4
4947,3
4948,4
4949,1
4950,2
4951,4
4952,1
4953,3
4954,4
4955,2
4956,5
4957,2
4958,4
4959,1
4960,2
4961,4
4962,5
4963,3
4964,4
4965,4
4966,4
4967,3
4968,4
4969,2
4970,5
4971,3
4972,1
4973,1
4974,5
4975,3
4976,5
4977,3
4978,4
4979,1
4980,2
4981,3
4982,3
4983,2
4984,4
4985,1
4986,2
4987,1
4988,2
4989,1
4990,3
4991,5
4992,1
4993,4
4994,5
4995,4
4996,5
4997,1
4998,4
4999,3
5000,2
5001,3
5002,4
5003,4
5004,4
5005,5
5006,5
5007,5
5008,2
5009,3
5010,5
5011,5
5012,3
5013,1
5014,2
5015,1
5016,2
5017,4
5018,3
5019,3
5020,4
5021,3
5022,2
5023,2
5024,5
5025,4
5026,4
5027,1
5028,1
5029,5
5030,5
5031,4
5032,5
5033,5
5034,5
5035,4
5036,4
5037,1
5038,1
5039,3
5040,2
5041,2
5042,2
5043,1
5044,2
5045,2
5046,1
5047,1
5048,5
5049,3
5050,3
5051,2
5052,5
5053,3
5054,3
5055,3
5056,1
5057,5
5058,1
5059,1
5060,1
5061,5
5062,4
5063,2
5064,4
5065,3
5066,5
5067,4
5068,1
5069,5
5070,4
5071,1
5072,1
5073,2
5074,4
5075,2
5076,2
5077,1
5078,3
5079,3
5080,2
5081,2
5082,1
5083,4
5084,4
5085,3
5086,2
5087,4
5088,3
5089,3
5090,4
5091,2
5092,4
5093,5
5094,3
5095,3
5096,2
5097,4
5098,3
5099,4
5100,5
5101,2
5102,2
5103,4
5104,5
5105,3
5106,5
5107,5
5108,5
5109,3
5110,5
5111,5
5112,2
5113,2
5114,5
5115,5
5116,5
5117,3
5118,3
5119,5
5120,3
5121,5
5122,1
5123,1
5124,2
5125,5
5126,5
5127,4
5128,3
5129,5
5130,2
5131,4
5132,5
5133,1
5134,1
5135,4
5136,4
5137,3
5138,4
5139,5
5140,4
5141,1
5142,4
5143,2
5144,1
5145,3
5146,4
5147,3
5148,4
5149,5
5150,2
5151,2
5152,2
5153,4
5154,5
5155,5
5156,3
5157,5
5158,3
5159,5
5160,4
5161,4
5162,3
5163,4
5164,3
5165,5
5166,5
5167,2
5168,3
5169,5
5170,3
5171,4
5172,3
5173,5
5174,3
5175,4
5176,4
5177,4
5178,1
5179,4
5180,3
5181,4
5182,3
5183,5
5184,5
5185,3
5186,1
5187,3
5188,1
5189,3
5190,5
5191,1
5192,4
5193,1
5194,1
5195,3
5196,2
5197,5
5198,5
5199,4
5200,1
5201,5
5202,2
5203,3
5204,3
5205,1
5206,1
5207,1
5208,5
5209,2
5210,3
5211,2
5212,2
5213,4
5214,1
5215,4
5216,2
5217,1
5218,5
5219,1
5220,1
5221,1
5222,5
5223,4
5224,1
5225,1
5226,1
5227,5
5228,5
5229,4
5230,5
5231,1
5232,5
5233,4
5234,2
5235,3
5236,5
5237,5
5238,1
5239,4
5240,1
5241,5
5242,5
5243,5
5244,4
5245,5
5246,3
5247,5
5248,1
5249,1
5250,4
5251,1
5252,2
5253,4
5254,4
5255,2
5256,4
5257,4
5258,3
5259,1
5260,1
5261,5
5262,4
5263,1
5264,3
5265,2
5266,4
5267,1
5268,4
5269,2
5270,3
5271,4
5272,5
5273,3
5274,3
5275,5
5276,4
5277,3
5278,3
5279,5
5280,4
5281,5
5282,2
5283,5
5284,1
5285,1
5286,4
5287,2
5288,5
5289,1
5290,4
5291,4
5292,3
5293,4
5294,4
5295,5
5296,2
5297,2
5298,5
5299,2
5300,4
5301,5
5302,1
5303,1
5304,1
5305,4
5306,5
5307,1
5308,5
5309,4
5310,4
5311,4
5312,2
5313,5
5314,3
5315,5
5316,4
5317,3
5318,2
5319,1
5320,2
5321,4
5322,2
5323,1
5324,5
5325,5
5326,4
5327,2
5328,3
5329,3
5330,5
5331,4
5332,1
5333,4
5334,5
5335,1
5336,1
5337,2
5338,2
5339,1
5340,3
5341,1
5342,3
5343,3
5344,5
5345,1
5346,2
5347,4
5348,2
5349,5
5350,4
5351,3
5352,2
5353,3
5354,4
5355,1
5356,3
5357,2
5358,2
5359,3
5360,1
5361,3
5362,3
5363,4
5364,1
5365,3
5366,4
5367,2
5368,4
5369,5
5370,4
5371,5
5372,5
5373,2
5374,5
5375,3
5376,1
5377,4
5378,2
5379,4
5380,5
5381,3
5382,4
5383,4
5384,3
5385,5
5386,2
5387,5
5388,1
5389,1
5390,5
5391,4
5392,3
5393,5
5394,2
5395,5
5396,1
5397,4
5398,2
5399,5
5400,3
5401,5
5402,4
5403,3
5404,3
5405,2
5406,4
5407,3
5408,3
5409,4
5410,4
5411,2
5412,3
5413,1
5414,4
5415,3
5416,1
5417,4
5418,3
5419,4
5420,1
5421,5
5422,3
5423,5
5424,3
5425,4
5426,3
5427,2
5428,4
5429,5
5430,1
5431,4
5432,4
5433,2
5434,2
5435,5
5436,3
5437,3
5438,3
5439,1
5440,5
5441,4
5442,2
5443,5
5444,1
5445,1
5446,3
5447,4
5448,1
5449,4
5450,4
5451,5
5452,3
5453,4
5454,1
5455,5
5456,4
5457,4
5458,4
5459,3
5460,5
5461,4
5462,2
5463,2
5464,5
5465,1
5466,4
5467,2
5468,2
5469,3
5470,3
5471,4
5472,3
5473,4
5474,5
5475,4
5476,2
5477,2
5478,3
5479,2
5480,2
5481,2
5482,1
5483,4
5484,2
5485,4
5486,1
5487,1
5488,4
5489,5
5490,4
5491,1
5492,2
5493,4
5494,1
5495,2
5496,5
5497,3
5498,4
5499,1
5500,4
5501,2
5502,4
5503,1
5504,4
5505,3
5506,3
5507,5
5508,1
5509,2
5510,4
5511,4
5512,5
5513,2
5514,2
5515,1
5516,1
5517,4
5518,2
5519,3
5520,5
5521,5
5522,2
5523,4
5524,5
5525,4
5526,5
5527,4
5528,2
5529,4
5530,1
5531,5
5532,4
5533,2
5534,3
5535,2
5536,5
5537,3
5538,2
5539,1
5540,4
5541,1
5542,1
5543,4
5544,1
5545,5
5546,1
5547,2
5548,4
5549,5
5550,3
5551,5
5552,2
5553,4
5554,5
5555,1
5556,2
5557,1
5558,4
5559,3
5560,4
5561,3
5562,3
5563,3
5564,2
5565,1
5566,5
5567,2
5568,1
5569,3
5570,4
5571,5
5572,1
5573,3
5574,1
5575,1
5576,1
5577,2
5578,1
5579,3
5580,2
5581,3
5582,3
5583,2
5584,4
5585,1
5586,5
5587,3
5588,2
5589,1
5590,2
5591,3
5592,4
5593,4
5594,3
5595,1
5596,1
5597,2
5598,1
5599,2
5600,1
5601,1
5602,5
5603,1
5604,1
5605,2
5606,2
5607,5
5608,4
5609,5
5610,3
5611,4
5612,1
5613,2
5614,3
5615,3
5616,3
5617,1
5618,1
5619,3
5620,1
5621,5
5622,1
5623,4
5624,3
5625,5
5626,2
5627,5
5628,5
5629,2
5630,4
5631,4
5632,3
5633,5
5634,1
5635,5
5636,5
5637,2
5638,1
5639,2
5640,4
5641,1
5642,4
5643,2
5644,1
5645,2
5646,3
5647,5
5648,4
5649,3
5650,2
5651,4
5652,5
5653,1
5654,3
5655,2
5656,4
5657,5
5658,3
5659,4
5660,3
5661,5
5662,2
5663,2
5664,3
5665,4
5666,4
5667,4
5668,4
5669,5
5670,2
5671,4
5672,5
5673,2
5674,5
5675,1
5676,3
5677,1
5678,4
5679,1
5680,1
5681,5
5682,3
5683,1
5684,2
5685,4
5686,1
5687,2
5688,3
5689,4
5690,2
5691,5
5692,5
5693,2
5694,5
5695,1
5696,3
5697,1
5698,5
5699,1
5700,1
5701,1
5702,1
5703,5
5704,2
5705,2
5706,1
5707,4
5708,4
5709,1
5710,2
5711,5
5712,1
5713,4
5714,4
5715,3
5716,5
5717,2
5718,4
5719,2
5720,1
5721,3
5722,2
5723,2
5724,3
5725,3
5726,1
5727,2
5728,3
5729,2
5730,3
5731,5
5732,5
5733,2
5734,1
5735,4
5736,4
5737,3
5738,1
5739,3
5740,5
5741,4
5742,5
5743,2
5744,5
5745,3
5746,5
5747,4
5748,4
5749,3
5750,4
5751,1
5752,4
5753,3
5754,3
5755,5
5756,2
5757,3
5758,5
5759,4
5760,4
5761,5
5762,3
5763,1
5764,2
5765,1
5766,1
5767,1
5768,1
5769,5
5770,5
5771,2
5772,4
5773,4
5774,5
5775,2
5776,2
5777,1
5778,4
5779,5
5780,1
5781,2
5782,5
5783,1
5784,5
5785,2
5786,1
5787,2
5788,2
5789,2
5790,4
5791,4
5792,1
5793,1
5794,5
5795,4
5796,5
5797,3
5798,5
5799,3
5800,5
5801,3
5802,2
5803,1
5804,5
5805,1
5806,5
5807,2
5808,1
5809,1
5810,3
5811,4
5812,1
5813,3
5814,4
5815,3
5816,2
5817,1
5818,3
5819,4
5820,1
5821,4
5822,4
5823,2
5824,3
5825,5
5826,4
5827,4
5828,1
5829,1
5830,3
5831,2
5832,4
5833,4
5834,4
5835,2
5836,4
5837,1
5838,1
5839,1
5840,1
5841,1
5842,4
5843,5
5844,3
5845,3
5846,5
5847,5
5848,5
5849,2
5850,2
5851,2
5852,2
5853,3
5854,2
5855,2
5856,4
5857,2
5858,1
5859,3
5860,2
5861,2
5862,4
5863,3
5864,5
5865,4
5866,3
5867,3
5868,3
5869,5
5870,1
5871,3
5872,3
5873,2
5874,3
5875,5
5876,1
5877,4
5878,5
5879,2
5880,3
5881,3
5882,5
5883,4
5884,4
5885,3
5886,4
5887,5
5888,2
5889,2
5890,4
5891,3
5892,2
5893,2
5894,5
5895,2
5896,5
5897,3
5898,4
5899,1
5900,4
5901,4
5902,1
5903,1
5904,5
5905,4
5906,3
5907,3
5908,2
5909,3
5910,4
5911,5
5912,3
5913,4
5914,5
5915,3
5916,4
5917,2
5918,5
5919,2
5920,5
5921,1
5922,1
5923,4
5924,2
5925,5
5926,2
5927,5
5928,2
5929,5
5930,1
5931,2
5932,3
5933,2
5934,5
5935,2
5936,2
5937,4
5938,5
5939,3
5940,3
5941,1
5942,1
5943,2
5944,4
5945,2
5946,5
5947,1
5948,5
5949,4
5950,5
5951,2
5952,3
5953,4
5954,5
5955,5
5956,5
5957,4
5958,1
5959,1
5960,2
5961,2
5962,2
5963,5
5964,2
5965,1
5966,2
5967,1
5968,3
5969,4
5970,2
5971,3
5972,5
5973,1
5974,4
5975,3
5976,4
5977,2
5978,2
5979,3
5980,2
5981,3
5982,4
5983,2
5984,5
5985,4
5986,2
5987,2
5988,4
5989,1
5990,2
5991,2
5992,5
5993,2
5994,5
5995,4
5996,2
5997,2
5998,5
5999,4
6000,2
