salary_id,faculty_id,salary
1,1001,49655
2,1002,80140
3,1003,96825
4,1004,81199
5,1005,110367
6,1006,70014
7,1007,67373
8,1008,104565
9,1009,76340
10,1010,119063
11,1011,42086
12,1012,87327
13,1013,64846
14,1014,46409
15,1015,116327
16,1016,62378
17,1017,98470
18,1018,88660
19,1019,68947
20,1020,114511
21,1021,57789
22,1022,78243
23,1023,117414
24,1024,57453
25,1025,53932
26,1026,94497
27,1027,104414
28,1028,115475
29,1029,78663
30,1030,30574
31,1031,67714
32,1032,90031
33,1033,46488
34,1034,87896
35,1035,95409
36,1036,102177
37,1037,96951
38,1038,88374
39,1039,47050
40,1040,56084
41,1041,78352
42,1042,54318
43,1043,64601
44,1044,63107
45,1045,76825
46,1046,33318
47,1047,106007
48,1048,46452
49,1049,63707
50,1050,111127
51,1051,110874
52,1052,49400
53,1053,88279
54,1054,104714
55,1055,43922
56,1056,74181
57,1057,56555
58,1058,46645
59,1059,65026
60,1060,32637
61,1061,72568
62,1062,83321
63,1063,86626
64,1064,58514
65,1065,31869
66,1066,67833
67,1067,112375
68,1068,40764
69,1069,90383
70,1070,33881
71,1071,116832
72,1072,104319
73,1073,58191
74,1074,37583
75,1075,103468
76,1076,93125
77,1077,33060
78,1078,45762
79,1079,94453
80,1080,118667
81,1081,112412
82,1082,45014
83,1083,79893
84,1084,47577
85,1085,57198
86,1086,69292
87,1087,87224
88,1088,116980
89,1089,77059
90,1090,52812
91,1091,58790
92,1092,60356
93,1093,40793
94,1094,44684
95,1095,44000
96,1096,32204
97,1097,70513
98,1098,68724
99,1099,54915
100,1100,57560
101,1101,105268
102,1102,111263
103,1103,80636
104,1104,114005
105,1105,107417
106,1106,79557
107,1107,79463
108,1108,36973
109,1109,77693
110,1110,66494
111,1111,94395
112,1112,33848
113,1113,110369
114,1114,56539
115,1115,62959
116,1116,32091
117,1117,52479
118,1118,65685
119,1119,58880
120,1120,79492
121,1121,80983
122,1122,97681
123,1123,94622
124,1124,68691
125,1125,51412
126,1126,83306
127,1127,88056
128,1128,52726
129,1129,118081
130,1130,46289
131,1131,67164
132,1132,41848
133,1133,36571
134,1134,63347
135,1135,46734
136,1136,64862
137,1137,115713
138,1138,36591
139,1139,83361
140,1140,113199
141,1141,66469
142,1142,45181
143,1143,42234
144,1144,109187
145,1145,66459
146,1146,104515
147,1147,44000
148,1148,48997
149,1149,87334
150,1150,94679
151,1151,49493
152,1152,93281
153,1153,104974
154,1154,61217
155,1155,33287
156,1156,55709
157,1157,82899
158,1158,76734
159,1159,89928
160,1160,116033
161,1161,67054
162,1162,77720
163,1163,32024
164,1164,81753
165,1165,53317
166,1166,80944
167,1167,34080
168,1168,45849
169,1169,76940
170,1170,89960
171,1171,58213
172,1172,109461
173,1173,58010
174,1174,81814
175,1175,68377
176,1176,96629
177,1177,92241
178,1178,74035
179,1179,95570
180,1180,62982
181,1181,98834
182,1182,87583
183,1183,60457
184,1184,34258
185,1185,55106
186,1186,105654
187,1187,73165
188,1188,39777
189,1189,85846
190,1190,62799
191,1191,36504
192,1192,43079
193,1193,87338
194,1194,98544
195,1195,71366
196,1196,70793
197,1197,35338
198,1198,93773
199,1199,32706
200,1200,45181
201,1201,113940
202,1202,99066
203,1203,78883
204,1204,47789
205,1205,41785
206,1206,40688
207,1207,35890
208,1208,80178
209,1209,62145
210,1210,42602
211,1211,86885
212,1212,55162
213,1213,100477
214,1214,33733
215,1215,92398
216,1216,57639
217,1217,62436
218,1218,92723
219,1219,101782
220,1220,69042
221,1221,100609
222,1222,39860
223,1223,61405
224,1224,33684
225,1225,83551
226,1226,52500
227,1227,97303
228,1228,111370
229,1229,65222
230,1230,65990
231,1231,74245
232,1232,53276
233,1233,45530
234,1234,113012
235,1235,45262
236,1236,108650
237,1237,64401
238,1238,35276
239,1239,62555
240,1240,45544
241,1241,77764
242,1242,50419
243,1243,70314
244,1244,50579
245,1245,46375
246,1246,39995
247,1247,56594
248,1248,77206
249,1249,114115
250,1250,92932
251,1251,119088
252,1252,108929
253,1253,49224
254,1254,91191
255,1255,63557
256,1256,108634
257,1257,72521
258,1258,112776
259,1259,46826
260,1260,62880
261,1261,58266
262,1262,51975
263,1263,69572
264,1264,55665
265,1265,106332
266,1266,99470
267,1267,62159
268,1268,78201
269,1269,47275
270,1270,63124
271,1271,34116
272,1272,100367
273,1273,60177
274,1274,63668
275,1275,47827
276,1276,107025
277,1277,53548
278,1278,104555
279,1279,84956
280,1280,109257
281,1281,112439
282,1282,71590
283,1283,107938
284,1284,94108
285,1285,90508
286,1286,71175
287,1287,107499
288,1288,90881
289,1289,49170
290,1290,66144
291,1291,86182
292,1292,87615
293,1293,58367
294,1294,111885
295,1295,99044
296,1296,30591
297,1297,50498
298,1298,76178
299,1299,110751
300,1300,94344
301,1301,104758
302,1302,66578
303,1303,92766
304,1304,106309
305,1305,85125
306,1306,104422
307,1307,57720
308,1308,45097
309,1309,31537
310,1310,33440
311,1311,59238
312,1312,109644
313,1313,59558
314,1314,114400
315,1315,94474
316,1316,58436
317,1317,44769
318,1318,36276
319,1319,59146
320,1320,117624
321,1321,65522
322,1322,87483
323,1323,112408
324,1324,62441
325,1325,61655
326,1326,81067
327,1327,37743
328,1328,30563
329,1329,113354
330,1330,42642
331,1331,78374
332,1332,37671
333,1333,85705
334,1334,31089
335,1335,88849
336,1336,76829
337,1337,113991
338,1338,61528
339,1339,33757
340,1340,30826
341,1341,101808
342,1342,68146
343,1343,45141
344,1344,117902
345,1345,114481
346,1346,114248
347,1347,47264
348,1348,71399
349,1349,55923
350,1350,115262
351,1351,104538
352,1352,113635
353,1353,81924
354,1354,92694
355,1355,105249
356,1356,96353
357,1357,63249
358,1358,78567
359,1359,85139
360,1360,44846
361,1361,31050
362,1362,70312
363,1363,37575
364,1364,52873
365,1365,59654
366,1366,79728
367,1367,98886
368,1368,41804
369,1369,77045
370,1370,48735
371,1371,47698
372,1372,67595
373,1373,34859
374,1374,65126
375,1375,47553
376,1376,44162
377,1377,80308
378,1378,101694
379,1379,32048
380,1380,119913
381,1381,55843
382,1382,89468
383,1383,112977
384,1384,77048
385,1385,105894
386,1386,41785
387,1387,64023
388,1388,61515
389,1389,100108
390,1390,110130
391,1391,72949
392,1392,69239
393,1393,59934
394,1394,41770
395,1395,38517
396,1396,118377
397,1397,88814
398,1398,93491
399,1399,53605
400,1400,66113
401,1401,117955
402,1402,85503
403,1403,85686
404,1404,41544
405,1405,63762
406,1406,62035
407,1407,34594
408,1408,113914
409,1409,55714
410,1410,39272
411,1411,96203
412,1412,104220
413,1413,114109
414,1414,97167
415,1415,57668
416,1416,75702
417,1417,73368
418,1418,42653
419,1419,61715
420,1420,89884
421,1421,114461
422,1422,67446
423,1423,60761
424,1424,71961
425,1425,62825
426,1426,36723
427,1427,55465
428,1428,33334
429,1429,109108
430,1430,69677
431,1431,112719
432,1432,110916
433,1433,114878
434,1434,64454
435,1435,31121
436,1436,53246
437,1437,77915
438,1438,46848
439,1439,50152
440,1440,38922
441,1441,48877
442,1442,44785
443,1443,110686
444,1444,43462
445,1445,112650
446,1446,73636
447,1447,113326
448,1448,117917
449,1449,63651
450,1450,91086
451,1451,60643
452,1452,31887
453,1453,30549
454,1454,59793
455,1455,72488
456,1456,70215
457,1457,110486
458,1458,66129
459,1459,65420
460,1460,81295
461,1461,84473
462,1462,57756
463,1463,102076
464,1464,49843
465,1465,64315
466,1466,119761
467,1467,117987
468,1468,109356
469,1469,65599
470,1470,84454
471,1471,96168
472,1472,78018
473,1473,87309
474,1474,55978
475,1475,99646
476,1476,38015
477,1477,95255
478,1478,55409
479,1479,33815
480,1480,64700
481,1481,115205
482,1482,117605
483,1483,94861
484,1484,95323
485,1485,87340
486,1486,104179
487,1487,108370
488,1488,91642
489,1489,116985
490,1490,66218
491,1491,94899
492,1492,108888
493,1493,80330
494,1494,80180
495,1495,82637
496,1496,93132
497,1497,93430
498,1498,88056
499,1499,64231
500,1500,43069
501,1501,69153
502,1502,32108
503,1503,97027
504,1504,115921
505,1505,63465
506,1506,42892
507,1507,58002
508,1508,40952
509,1509,118369
510,1510,96806
511,1511,111238
512,1512,81044
513,1513,94589
514,1514,99054
515,1515,33822
516,1516,86642
517,1517,60569
518,1518,76707
519,1519,113005
520,1520,71520
521,1521,62087
522,1522,69691
523,1523,50703
524,1524,35760
525,1525,101482
526,1526,59686
527,1527,44341
528,1528,108901
529,1529,78215
530,1530,100835
531,1531,39276
532,1532,34669
533,1533,86661
534,1534,107797
535,1535,116009
536,1536,52266
537,1537,111138
538,1538,36677
539,1539,82471
540,1540,86022
541,1541,119893
542,1542,50904
543,1543,91100
544,1544,57256
545,1545,117370
546,1546,40991
547,1547,89033
548,1548,116578
549,1549,64896
550,1550,30365
551,1551,47530
552,1552,94876
553,1553,67676
554,1554,55083
555,1555,46096
556,1556,74459
557,1557,60109
558,1558,119532
559,1559,113166
560,1560,81563
561,1561,58209
562,1562,67178
563,1563,61099
564,1564,67160
565,1565,32241
566,1566,85527
567,1567,75772
568,1568,80212
569,1569,60348
570,1570,58282
571,1571,35861
572,1572,42192
573,1573,61055
574,1574,69774
575,1575,113640
576,1576,101525
577,1577,45998
578,1578,89453
579,1579,75242
580,1580,46477
581,1581,36269
582,1582,106903
583,1583,62649
584,1584,76102
585,1585,105967
586,1586,67380
587,1587,85293
588,1588,70994
589,1589,48705
590,1590,48301
591,1591,42330
592,1592,60199
593,1593,113785
594,1594,48598
595,1595,56388
596,1596,88032
597,1597,85506
598,1598,106166
599,1599,73123
600,1600,67567
601,1601,86560
602,1602,67375
603,1603,106937
604,1604,43172
605,1605,79369
606,1606,85779
607,1607,37438
608,1608,38667
609,1609,37169
610,1610,106341
611,1611,33257
612,1612,47126
613,1613,48132
614,1614,46248
615,1615,36091
616,1616,67337
617,1617,99530
618,1618,107691
619,1619,59354
620,1620,71497
621,1621,63052
622,1622,43434
623,1623,104422
624,1624,118723
625,1625,87666
626,1626,99198
627,1627,92408
628,1628,100927
629,1629,60641
630,1630,77411
631,1631,47636
632,1632,101323
633,1633,60856
634,1634,51243
635,1635,117773
636,1636,81441
637,1637,50574
638,1638,51339
639,1639,47305
640,1640,66748
641,1641,95673
642,1642,112306
643,1643,47495
644,1644,93148
645,1645,72265
646,1646,42604
647,1647,65281
648,1648,79240
649,1649,73506
650,1650,96486
651,1651,64874
652,1652,42002
653,1653,95132
654,1654,43080
655,1655,62370
656,1656,82529
657,1657,90509
658,1658,52817
659,1659,69450
660,1660,55054
661,1661,112677
662,1662,85850
663,1663,117790
664,1664,52499
665,1665,82716
666,1666,91834
667,1667,108987
668,1668,88595
669,1669,33913
670,1670,85562
671,1671,81930
672,1672,66969
673,1673,36325
674,1674,88624
675,1675,83879
676,1676,89257
677,1677,105762
678,1678,58133
679,1679,36104
680,1680,75412
681,1681,42079
682,1682,31298
683,1683,108760
684,1684,46635
685,1685,77095
686,1686,79213
687,1687,67185
688,1688,50242
689,1689,107656
690,1690,113464
691,1691,31075
692,1692,101066
693,1693,72459
694,1694,80429
695,1695,62895
696,1696,80416
697,1697,111764
698,1698,71358
699,1699,110169
700,1700,88696
701,1701,86045
702,1702,84772
703,1703,112799
704,1704,91135
705,1705,112782
706,1706,55479
707,1707,93697
708,1708,78964
709,1709,77066
710,1710,77233
711,1711,70412
712,1712,103060
713,1713,118537
714,1714,64053
715,1715,45084
716,1716,83972
717,1717,88190
718,1718,39070
719,1719,112020
720,1720,59235
721,1721,42884
722,1722,85349
723,1723,45822
724,1724,39588
725,1725,50813
726,1726,57537
727,1727,102520
728,1728,64438
729,1729,110522
730,1730,54829
731,1731,65304
732,1732,66683
733,1733,44332
734,1734,65211
735,1735,99655
736,1736,94968
737,1737,107139
738,1738,32251
739,1739,79491
740,1740,53436
741,1741,57287
742,1742,108150
743,1743,107510
744,1744,80144
745,1745,67211
746,1746,110467
747,1747,51108
748,1748,98203
749,1749,63148
750,1750,98215
751,1751,82753
752,1752,65548
753,1753,38509
754,1754,81697
755,1755,101756
756,1756,61253
757,1757,111357
758,1758,51467
759,1759,68685
760,1760,114921
761,1761,95431
762,1762,35750
763,1763,95714
764,1764,53719
765,1765,89750
766,1766,87980
767,1767,31756
768,1768,68356
769,1769,45947
770,1770,112166
771,1771,109209
772,1772,51506
773,1773,91264
774,1774,66461
775,1775,112522
776,1776,87257
777,1777,51699
778,1778,54092
779,1779,111884
780,1780,54508
781,1781,63277
782,1782,104652
783,1783,105973
784,1784,33299
785,1785,99313
786,1786,84774
787,1787,103727
788,1788,57126
789,1789,49040
790,1790,53960
791,1791,115625
792,1792,60202
793,1793,84737
794,1794,85245
795,1795,41497
796,1796,95821
797,1797,81074
798,1798,83988
799,1799,79132
800,1800,109470
801,1801,89302
802,1802,67970
803,1803,47202
804,1804,94789
805,1805,115515
806,1806,90913
807,1807,32531
808,1808,104088
809,1809,96231
810,1810,102155
811,1811,76977
812,1812,114974
813,1813,98098
814,1814,54278
815,1815,49296
816,1816,43544
817,1817,50850
818,1818,95694
819,1819,67159
820,1820,32855
821,1821,51001
822,1822,108335
823,1823,115907
824,1824,81082
825,1825,56728
826,1826,40335
827,1827,45732
828,1828,63542
829,1829,42084
830,1830,99304
831,1831,68244
832,1832,63129
833,1833,112065
834,1834,81805
835,1835,102528
836,1836,115126
837,1837,47320
838,1838,35299
839,1839,79801
840,1840,69169
841,1841,35872
842,1842,118299
843,1843,36516
844,1844,54034
845,1845,61410
846,1846,81272
847,1847,79032
848,1848,80980
849,1849,66460
850,1850,48716
851,1851,105457
852,1852,61246
853,1853,70634
854,1854,53975
855,1855,31500
856,1856,30849
857,1857,119372
858,1858,113495
859,1859,65027
860,1860,101336
861,1861,105397
862,1862,82571
863,1863,114774
864,1864,58195
865,1865,67881
866,1866,60560
867,1867,93452
868,1868,99245
869,1869,95238
870,1870,113370
871,1871,119319
872,1872,97341
873,1873,47895
874,1874,96151
875,1875,53410
876,1876,51939
877,1877,45408
878,1878,73605
879,1879,66634
880,1880,92110
881,1881,64316
882,1882,46546
883,1883,74669
884,1884,45364
885,1885,86038
886,1886,64726
887,1887,97448
888,1888,62132
889,1889,53181
890,1890,70916
891,1891,95257
892,1892,100741
893,1893,112479
894,1894,73814
895,1895,68467
896,1896,84141
897,1897,77387
898,1898,61527
899,1899,94309
900,1900,50646
901,1901,106875
902,1902,83764
903,1903,62767
904,1904,34489
905,1905,86377
906,1906,44922
907,1907,55377
908,1908,58885
909,1909,67196
910,1910,43173
911,1911,37767
912,1912,30236
913,1913,34147
914,1914,45837
915,1915,81263
916,1916,82410
917,1917,117874
918,1918,81832
919,1919,83683
920,1920,32458
921,1921,33216
922,1922,39902
923,1923,112844
924,1924,112324
925,1925,119276
926,1926,33243
927,1927,47778
928,1928,119143
929,1929,118278
930,1930,78247
931,1931,34090
932,1932,99312
933,1933,30484
934,1934,34194
935,1935,88380
936,1936,71358
937,1937,89855
938,1938,33742
939,1939,108330
940,1940,45034
941,1941,52373
942,1942,63548
943,1943,37348
944,1944,84483
945,1945,60273
946,1946,41609
947,1947,100910
948,1948,114638
949,1949,104024
950,1950,89756
951,1951,46964
952,1952,68640
953,1953,116327
954,1954,64453
955,1955,77273
956,1956,55739
957,1957,45905
958,1958,54123
959,1959,101700
960,1960,52896
961,1961,93238
962,1962,83770
963,1963,77339
964,1964,59551
965,1965,91124
966,1966,88659
967,1967,94602
968,1968,113353
969,1969,84971
970,1970,75253
971,1971,81526
972,1972,77689
973,1973,119557
974,1974,98881
975,1975,53542
976,1976,72499
977,1977,63224
978,1978,76010
979,1979,69810
980,1980,103672
981,1981,84895
982,1982,58695
983,1983,59094
984,1984,30693
985,1985,38244
986,1986,50611
987,1987,108390
988,1988,45883
989,1989,66479
990,1990,73579
991,1991,94923
992,1992,46846
993,1993,48509
994,1994,54091
995,1995,91214
996,1996,105125
997,1997,40546
998,1998,50922
999,1999,67743
1000,2000,62986
1001,2001,86998
1002,2002,42387
1003,2003,100864
1004,2004,46232
1005,2005,89119
1006,2006,96107
1007,2007,36108
1008,2008,100058
1009,2009,79184
1010,2010,91159
1011,2011,43366
1012,2012,106892
1013,2013,79394
1014,2014,92525
1015,2015,82760
1016,2016,66840
1017,2017,56978
1018,2018,63908
1019,2019,113092
1020,2020,43797
1021,2021,73101
1022,2022,83811
1023,2023,72013
1024,2024,85539
1025,2025,70268
1026,2026,104651
1027,2027,110956
1028,2028,91656
1029,2029,55944
1030,2030,31641
1031,2031,57096
1032,2032,31326
1033,2033,70553
1034,2034,88867
1035,2035,58471
1036,2036,118672
1037,2037,76040
1038,2038,96417
1039,2039,96058
1040,2040,100940
1041,2041,66314
1042,2042,58378
1043,2043,61075
1044,2044,97600
1045,2045,51935
1046,2046,36383
1047,2047,107193
1048,2048,111113
1049,2049,93152
1050,2050,119989
1051,2051,107832
1052,2052,57798
1053,2053,111598
1054,2054,44951
1055,2055,95020
1056,2056,35788
1057,2057,101054
1058,2058,102753
1059,2059,114882
1060,2060,75457
1061,2061,82113
1062,2062,61213
1063,2063,46715
1064,2064,41657
1065,2065,110067
1066,2066,81829
1067,2067,112786
1068,2068,89672
1069,2069,104450
1070,2070,109278
1071,2071,75025
1072,2072,100751
1073,2073,50745
1074,2074,84591
1075,2075,90629
1076,2076,106521
1077,2077,119226
1078,2078,63298
1079,2079,113409
1080,2080,97668
1081,2081,71531
1082,2082,99151
1083,2083,39161
1084,2084,32568
1085,2085,117021
1086,2086,100337
1087,2087,59401
1088,2088,35809
1089,2089,80690
1090,2090,119088
1091,2091,105084
1092,2092,81763
1093,2093,100027
1094,2094,106438
1095,2095,71455
1096,2096,70475
1097,2097,109373
1098,2098,64085
1099,2099,71781
1100,2100,116734
1101,2101,61979
1102,2102,83805
1103,2103,47533
1104,2104,76207
1105,2105,47990
1106,2106,60023
1107,2107,86388
1108,2108,36786
1109,2109,51800
1110,2110,50676
1111,2111,50895
1112,2112,97340
1113,2113,92914
1114,2114,116710
1115,2115,60228
1116,2116,43500
1117,2117,100758
1118,2118,59297
1119,2119,33324
1120,2120,31268
1121,2121,93877
1122,2122,105061
1123,2123,33706
1124,2124,82387
1125,2125,42129
1126,2126,39475
1127,2127,47048
1128,2128,50265
1129,2129,40335
1130,2130,36858
1131,2131,48910
1132,2132,47662
1133,2133,39658
1134,2134,84290
1135,2135,57493
1136,2136,57582
1137,2137,114972
1138,2138,97087
1139,2139,76145
1140,2140,49456
1141,2141,33669
1142,2142,61496
1143,2143,97399
1144,2144,70502
1145,2145,33541
1146,2146,94346
1147,2147,64576
1148,2148,105019
1149,2149,67330
1150,2150,107656
1151,2151,106238
1152,2152,68340
1153,2153,50407
1154,2154,108085
1155,2155,35129
1156,2156,84777
1157,2157,80592
1158,2158,60993
1159,2159,32541
1160,2160,107918
1161,2161,59791
1162,2162,58208
1163,2163,46033
1164,2164,41216
1165,2165,43457
1166,2166,73767
1167,2167,44437
1168,2168,119968
1169,2169,94287
1170,2170,95006
1171,2171,82956
1172,2172,94527
1173,2173,39833
1174,2174,106809
1175,2175,47498
1176,2176,61632
1177,2177,117969
1178,2178,50431
1179,2179,53784
1180,2180,55647
1181,2181,111025
1182,2182,68497
1183,2183,52641
1184,2184,109878
1185,2185,114485
1186,2186,106937
1187,2187,86972
1188,2188,88751
1189,2189,87742
1190,2190,40903
1191,2191,63615
1192,2192,58135
1193,2193,42006
1194,2194,49419
1195,2195,116346
1196,2196,35881
1197,2197,106143
1198,2198,90956
1199,2199,109864
1200,2200,84660
1201,2201,119148
1202,2202,111470
1203,2203,63255
1204,2204,95873
1205,2205,84523
1206,2206,111135
1207,2207,43134
1208,2208,46602
1209,2209,107732
1210,2210,104343
1211,2211,35058
1212,2212,98401
1213,2213,62881
1214,2214,75665
1215,2215,90137
1216,2216,99488
1217,2217,56082
1218,2218,53880
1219,2219,107232
1220,2220,44599
1221,2221,54718
1222,2222,117767
1223,2223,71489
1224,2224,84480
1225,2225,94095
1226,2226,85903
1227,2227,70668
1228,2228,118094
1229,2229,44709
1230,2230,48211
1231,2231,78206
1232,2232,99536
1233,2233,40776
1234,2234,78770
1235,2235,59115
1236,2236,115180
1237,2237,118920
1238,2238,75556
1239,2239,60370
1240,2240,32400
1241,2241,108239
1242,2242,30085
1243,2243,54003
1244,2244,113213
1245,2245,84029
1246,2246,90019
1247,2247,88356
1248,2248,41482
1249,2249,61478
1250,2250,63317
1251,2251,37706
1252,2252,75784
1253,2253,44283
1254,2254,47901
1255,2255,53055
1256,2256,94106
1257,2257,35262
1258,2258,61146
1259,2259,48883
1260,2260,59711
1261,2261,112287
1262,2262,48696
1263,2263,35502
1264,2264,106650
1265,2265,55703
1266,2266,77982
1267,2267,53881
1268,2268,93513
1269,2269,115410
1270,2270,53401
1271,2271,35429
1272,2272,74647
1273,2273,102483
1274,2274,40051
1275,2275,106649
1276,2276,91675
1277,2277,48932
1278,2278,71499
1279,2279,55106
1280,2280,86586
1281,2281,111480
1282,2282,50656
1283,2283,91684
1284,2284,31275
1285,2285,57103
1286,2286,38068
1287,2287,103694
1288,2288,36667
1289,2289,95077
1290,2290,112933
1291,2291,119490
1292,2292,74496
1293,2293,92981
1294,2294,38608
1295,2295,61712
1296,2296,117306
1297,2297,76100
1298,2298,79106
1299,2299,70733
1300,2300,106993
1301,2301,112139
1302,2302,107534
1303,2303,47705
1304,2304,36888
1305,2305,60611
1306,2306,108163
1307,2307,41910
1308,2308,115529
1309,2309,54011
1310,2310,87481
1311,2311,52418
1312,2312,83804
1313,2313,107621
1314,2314,102511
1315,2315,74090
1316,2316,95417
1317,2317,32300
1318,2318,44480
1319,2319,86665
1320,2320,43935
1321,2321,67600
1322,2322,97981
1323,2323,76384
1324,2324,86903
1325,2325,114873
1326,2326,117878
1327,2327,67405
1328,2328,107259
1329,2329,77574
1330,2330,117647
1331,2331,96048
1332,2332,114489
1333,2333,76468
1334,2334,69443
1335,2335,107810
1336,2336,112727
1337,2337,105396
1338,2338,38672
1339,2339,38285
1340,2340,59564
1341,2341,55957
1342,2342,66078
1343,2343,34537
1344,2344,47765
1345,2345,110025
1346,2346,81612
1347,2347,40145
1348,2348,55840
1349,2349,90542
1350,2350,39644
1351,2351,104578
1352,2352,108389
1353,2353,48220
1354,2354,43541
1355,2355,61739
1356,2356,108647
1357,2357,45850
1358,2358,105191
1359,2359,89157
1360,2360,74227
1361,2361,67274
1362,2362,115918
1363,2363,78341
1364,2364,77861
1365,2365,68481
1366,2366,46049
1367,2367,76745
1368,2368,93522
1369,2369,55147
1370,2370,93184
1371,2371,78149
1372,2372,50370
1373,2373,94110
1374,2374,107532
1375,2375,83804
1376,2376,30673
1377,2377,93989
1378,2378,80134
1379,2379,57035
1380,2380,65564
1381,2381,86865
1382,2382,54384
1383,2383,68117
1384,2384,97843
1385,2385,44211
1386,2386,56525
1387,2387,112213
1388,2388,40554
1389,2389,89966
1390,2390,52944
1391,2391,110605
1392,2392,54387
1393,2393,117397
1394,2394,36181
1395,2395,90134
1396,2396,44156
1397,2397,52673
1398,2398,119389
1399,2399,64893
1400,2400,112681
1401,2401,69208
1402,2402,74134
1403,2403,79108
1404,2404,36943
1405,2405,33448
1406,2406,81011
1407,2407,51814
1408,2408,33868
1409,2409,50722
1410,2410,107561
1411,2411,106731
1412,2412,92821
1413,2413,55677
1414,2414,108462
1415,2415,95759
1416,2416,40221
1417,2417,117272
1418,2418,50717
1419,2419,107109
1420,2420,64350
1421,2421,62549
1422,2422,66572
1423,2423,100731
1424,2424,52867
1425,2425,106414
1426,2426,98742
1427,2427,74606
1428,2428,30306
1429,2429,99274
1430,2430,108213
1431,2431,83612
1432,2432,108477
1433,2433,82184
1434,2434,117190
1435,2435,56080
1436,2436,99627
1437,2437,42856
1438,2438,100066
1439,2439,99701
1440,2440,91249
1441,2441,53486
1442,2442,43307
1443,2443,54142
1444,2444,108218
1445,2445,91599
1446,2446,49764
1447,2447,109669
1448,2448,89905
1449,2449,67219
1450,2450,69052
1451,2451,116244
1452,2452,83487
1453,2453,33727
1454,2454,105918
1455,2455,72946
1456,2456,48101
1457,2457,60728
1458,2458,73565
1459,2459,35842
1460,2460,109162
1461,2461,40214
1462,2462,112603
1463,2463,50594
1464,2464,38373
1465,2465,105460
1466,2466,82050
1467,2467,57750
1468,2468,109838
1469,2469,85507
1470,2470,53719
1471,2471,115033
1472,2472,114910
1473,2473,98398
1474,2474,87831
1475,2475,101468
1476,2476,118820
1477,2477,49630
1478,2478,100671
1479,2479,78680
1480,2480,93450
1481,2481,37164
1482,2482,114287
1483,2483,83829
1484,2484,79978
1485,2485,75479
1486,2486,30882
1487,2487,97239
1488,2488,100943
1489,2489,78170
1490,2490,35378
1491,2491,68272
1492,2492,99005
1493,2493,73196
1494,2494,67964
1495,2495,97302
1496,2496,61887
1497,2497,104708
1498,2498,95186
1499,2499,32728
1500,2500,91561
1501,2501,50678
1502,2502,42369
1503,2503,114096
1504,2504,42931
1505,2505,51450
1506,2506,107021
1507,2507,106670
1508,2508,83993
1509,2509,77052
1510,2510,68563
1511,2511,80214
1512,2512,60984
1513,2513,35172
1514,2514,111186
1515,2515,97175
1516,2516,79101
1517,2517,55954
1518,2518,60519
1519,2519,101867
1520,2520,102543
1521,2521,117738
1522,2522,56153
1523,2523,59212
1524,2524,103209
1525,2525,82990
1526,2526,74706
1527,2527,37681
1528,2528,66472
1529,2529,39487
1530,2530,93180
1531,2531,66685
1532,2532,66312
1533,2533,36010
1534,2534,67023
1535,2535,64642
1536,2536,50065
1537,2537,86403
1538,2538,100250
1539,2539,38097
1540,2540,31716
1541,2541,82549
1542,2542,83888
1543,2543,73820
1544,2544,114075
1545,2545,86055
1546,2546,65976
1547,2547,44208
1548,2548,67227
1549,2549,63204
1550,2550,65448
1551,2551,97730
1552,2552,96872
1553,2553,91077
1554,2554,56050
1555,2555,75576
1556,2556,110204
1557,2557,102906
1558,2558,110864
1559,2559,99795
1560,2560,94349
1561,2561,93266
1562,2562,32877
1563,2563,38137
1564,2564,38469
1565,2565,83615
1566,2566,99939
1567,2567,95552
1568,2568,80828
1569,2569,55258
1570,2570,44793
1571,2571,76238
1572,2572,84318
1573,2573,57835
1574,2574,58412
1575,2575,74796
1576,2576,117669
1577,2577,88891
1578,2578,74176
1579,2579,83517
1580,2580,64103
1581,2581,43862
1582,2582,55471
1583,2583,109488
1584,2584,99287
1585,2585,54695
1586,2586,64068
1587,2587,50495
1588,2588,60029
1589,2589,38731
1590,2590,97360
1591,2591,30400
1592,2592,78053
1593,2593,53127
1594,2594,39882
1595,2595,109134
1596,2596,112894
1597,2597,61297
1598,2598,116201
1599,2599,102434
1600,2600,92286
1601,2601,78943
1602,2602,63455
1603,2603,84691
1604,2604,57019
1605,2605,66829
1606,2606,107664
1607,2607,58653
1608,2608,35748
1609,2609,37481
1610,2610,43087
1611,2611,110790
1612,2612,61259
1613,2613,98762
1614,2614,32283
1615,2615,58405
1616,2616,58192
1617,2617,72629
1618,2618,68708
1619,2619,44890
1620,2620,100578
1621,2621,101690
1622,2622,100961
1623,2623,31279
1624,2624,90486
1625,2625,93561
1626,2626,82391
1627,2627,33694
1628,2628,84077
1629,2629,115990
1630,2630,53777
1631,2631,60665
1632,2632,75618
1633,2633,35567
1634,2634,77054
1635,2635,116997
1636,2636,36780
1637,2637,33356
1638,2638,83277
1639,2639,38978
1640,2640,86307
1641,2641,72136
1642,2642,37133
1643,2643,57093
1644,2644,46413
1645,2645,61706
1646,2646,46469
1647,2647,77793
1648,2648,114228
1649,2649,90934
1650,2650,85256
1651,2651,97067
1652,2652,59845
1653,2653,53050
1654,2654,46915
1655,2655,104775
1656,2656,72843
1657,2657,82444
1658,2658,91234
1659,2659,32795
1660,2660,45652
1661,2661,108301
1662,2662,75180
1663,2663,109389
1664,2664,113542
1665,2665,92575
1666,2666,90245
1667,2667,112458
1668,2668,51486
1669,2669,108205
1670,2670,66161
1671,2671,56389
1672,2672,49384
1673,2673,110345
1674,2674,83914
1675,2675,40530
1676,2676,109744
1677,2677,70776
1678,2678,56454
1679,2679,85808
1680,2680,37211
1681,2681,79069
1682,2682,47839
1683,2683,43635
1684,2684,116627
1685,2685,94957
1686,2686,114270
1687,2687,60110
1688,2688,80948
1689,2689,53794
1690,2690,77572
1691,2691,89239
1692,2692,63563
1693,2693,109405
1694,2694,74402
1695,2695,83087
1696,2696,49001
1697,2697,54418
1698,2698,81681
1699,2699,110142
1700,2700,55512
1701,2701,115257
1702,2702,107751
1703,2703,63642
1704,2704,52969
1705,2705,82449
1706,2706,93601
1707,2707,63049
1708,2708,110424
1709,2709,112751
1710,2710,66972
1711,2711,58992
1712,2712,93031
1713,2713,117051
1714,2714,87269
1715,2715,116348
1716,2716,69407
1717,2717,82422
1718,2718,62054
1719,2719,110903
1720,2720,49731
1721,2721,74178
1722,2722,45728
1723,2723,86594
1724,2724,99277
1725,2725,37144
1726,2726,38532
1727,2727,36683
1728,2728,78690
1729,2729,57847
1730,2730,47082
1731,2731,114661
1732,2732,108168
1733,2733,49988
1734,2734,82172
1735,2735,43708
1736,2736,114863
1737,2737,47339
1738,2738,96272
1739,2739,119178
1740,2740,51112
1741,2741,41521
1742,2742,92237
1743,2743,39097
1744,2744,90118
1745,2745,86109
1746,2746,100577
1747,2747,83640
1748,2748,38124
1749,2749,73110
1750,2750,89687
1751,2751,56661
1752,2752,42298
1753,2753,45739
1754,2754,76826
1755,2755,76832
1756,2756,106896
1757,2757,87476
1758,2758,104552
1759,2759,71964
1760,2760,114408
1761,2761,93760
1762,2762,83170
1763,2763,79035
1764,2764,117827
1765,2765,31253
1766,2766,114526
1767,2767,78692
1768,2768,73885
1769,2769,76639
1770,2770,88793
1771,2771,108290
1772,2772,70107
1773,2773,33356
1774,2774,117131
1775,2775,68913
1776,2776,80148
1777,2777,91601
1778,2778,70554
1779,2779,92240
1780,2780,56555
1781,2781,75537
1782,2782,75942
1783,2783,30659
1784,2784,65784
1785,2785,51279
1786,2786,65603
1787,2787,79600
1788,2788,57108
1789,2789,94985
1790,2790,91129
1791,2791,91438
1792,2792,115173
1793,2793,62492
1794,2794,99002
1795,2795,56733
1796,2796,97693
1797,2797,91227
1798,2798,43818
1799,2799,98633
1800,2800,44723
1801,2801,95149
1802,2802,55929
1803,2803,86823
1804,2804,46624
1805,2805,34835
1806,2806,32536
1807,2807,55098
1808,2808,105068
1809,2809,48307
1810,2810,98199
1811,2811,91073
1812,2812,77229
1813,2813,70527
1814,2814,91195
1815,2815,71232
1816,2816,57279
1817,2817,109939
1818,2818,93277
1819,2819,107393
1820,2820,71049
1821,2821,39602
1822,2822,35658
1823,2823,109552
1824,2824,96157
1825,2825,42605
1826,2826,103024
1827,2827,43957
1828,2828,105559
1829,2829,103546
1830,2830,102971
1831,2831,111130
1832,2832,52313
1833,2833,63004
1834,2834,111191
1835,2835,39886
1836,2836,35388
1837,2837,39082
1838,2838,68113
1839,2839,36520
1840,2840,46213
1841,2841,37057
1842,2842,36594
1843,2843,36263
1844,2844,62662
1845,2845,63182
1846,2846,36607
1847,2847,63085
1848,2848,78678
1849,2849,95782
1850,2850,99701
1851,2851,109631
1852,2852,99302
1853,2853,60045
1854,2854,105613
1855,2855,66933
1856,2856,34543
1857,2857,42255
1858,2858,109602
1859,2859,91141
1860,2860,89703
1861,2861,99868
1862,2862,96976
1863,2863,82794
1864,2864,63664
1865,2865,79493
1866,2866,104163
1867,2867,96903
1868,2868,111454
1869,2869,99219
1870,2870,91493
1871,2871,118766
1872,2872,30202
1873,2873,74203
1874,2874,85192
1875,2875,46427
1876,2876,100695
1877,2877,48277
1878,2878,62044
1879,2879,33858
1880,2880,37183
1881,2881,100951
1882,2882,64736
1883,2883,71349
1884,2884,105816
1885,2885,81482
1886,2886,42975
1887,2887,51791
1888,2888,103174
1889,2889,44102
1890,2890,64833
1891,2891,90553
1892,2892,81501
1893,2893,114240
1894,2894,88256
1895,2895,110703
1896,2896,115764
1897,2897,87382
1898,2898,113657
1899,2899,102110
1900,2900,76359
1901,2901,40442
1902,2902,98239
1903,2903,88608
1904,2904,35882
1905,2905,31569
1906,2906,88445
1907,2907,79288
1908,2908,30471
1909,2909,56602
1910,2910,71456
1911,2911,113629
1912,2912,97254
1913,2913,119039
1914,2914,62537
1915,2915,41948
1916,2916,92666
1917,2917,47503
1918,2918,116295
1919,2919,88902
1920,2920,103967
1921,2921,98179
1922,2922,102980
1923,2923,108579
1924,2924,100934
1925,2925,81181
1926,2926,79660
1927,2927,61268
1928,2928,70960
1929,2929,34043
1930,2930,115931
1931,2931,72151
1932,2932,85343
1933,2933,52880
1934,2934,76320
1935,2935,44045
1936,2936,114642
1937,2937,37296
1938,2938,65081
1939,2939,58794
1940,2940,96658
1941,2941,116337
1942,2942,48522
1943,2943,87370
1944,2944,117089
1945,2945,35851
1946,2946,86631
1947,2947,110472
1948,2948,61306
1949,2949,62188
1950,2950,118968
1951,2951,118800
1952,2952,85218
1953,2953,117024
1954,2954,67371
1955,2955,92800
1956,2956,98178
1957,2957,88779
1958,2958,62466
1959,2959,31568
1960,2960,109944
1961,2961,30521
1962,2962,78891
1963,2963,69650
1964,2964,115080
1965,2965,50213
1966,2966,82892
1967,2967,72634
1968,2968,53966
1969,2969,101673
1970,2970,60066
1971,2971,33599
1972,2972,43467
1973,2973,70345
1974,2974,102450
1975,2975,89220
1976,2976,73669
1977,2977,31371
1978,2978,105141
1979,2979,54006
1980,2980,79506
1981,2981,102296
1982,2982,117571
1983,2983,68128
1984,2984,94502
1985,2985,101403
1986,2986,39148
1987,2987,81471
1988,2988,95648
1989,2989,113351
1990,2990,99481
1991,2991,78876
1992,2992,119786
1993,2993,69568
1994,2994,107687
1995,2995,80429
1996,2996,89075
1997,2997,51789
1998,2998,65324
1999,2999,42938
2000,3000,80836
2001,3001,34169
2002,3002,75197
2003,3003,57929
2004,3004,94804
2005,3005,40757
2006,3006,42822
2007,3007,108637
2008,3008,60307
2009,3009,89515
2010,3010,99710
2011,3011,69676
2012,3012,45840
2013,3013,34353
2014,3014,94510
2015,3015,55591
2016,3016,107588
2017,3017,86076
2018,3018,105066
2019,3019,53738
2020,3020,105773
2021,3021,49042
2022,3022,72266
2023,3023,60722
2024,3024,56620
2025,3025,100153
2026,3026,49823
2027,3027,94237
2028,3028,98532
2029,3029,32379
2030,3030,82868
2031,3031,72611
2032,3032,34333
2033,3033,42143
2034,3034,35267
2035,3035,82281
2036,3036,55339
2037,3037,47457
2038,3038,64912
2039,3039,52801
2040,3040,53699
2041,3041,48209
2042,3042,86371
2043,3043,81318
2044,3044,99082
2045,3045,113709
2046,3046,96466
2047,3047,41498
2048,3048,69993
2049,3049,118181
2050,3050,49571
2051,3051,98058
2052,3052,117202
2053,3053,94302
2054,3054,82345
2055,3055,112089
2056,3056,65842
2057,3057,65973
2058,3058,103225
2059,3059,106168
2060,3060,79199
2061,3061,115838
2062,3062,90544
2063,3063,119384
2064,3064,38585
2065,3065,83672
2066,3066,86370
2067,3067,85113
2068,3068,117521
2069,3069,59759
2070,3070,69859
2071,3071,53856
2072,3072,84955
2073,3073,64201
2074,3074,84354
2075,3075,105325
2076,3076,49852
2077,3077,82741
2078,3078,36113
2079,3079,113081
2080,3080,68100
2081,3081,62954
2082,3082,103630
2083,3083,65486
2084,3084,51289
2085,3085,92527
2086,3086,103479
2087,3087,75860
2088,3088,95834
2089,3089,66680
2090,3090,107799
2091,3091,72090
2092,3092,47517
2093,3093,35442
2094,3094,88535
2095,3095,43975
2096,3096,81146
2097,3097,52182
2098,3098,107414
2099,3099,93686
2100,3100,118120
2101,3101,91415
2102,3102,87455
2103,3103,116772
2104,3104,61038
2105,3105,74531
2106,3106,46833
2107,3107,67374
2108,3108,102657
2109,3109,70405
2110,3110,111932
2111,3111,66502
2112,3112,101058
2113,3113,46222
2114,3114,77109
2115,3115,84526
2116,3116,85313
2117,3117,41733
2118,3118,80317
2119,3119,48634
2120,3120,43712
2121,3121,118420
2122,3122,112522
2123,3123,111030
2124,3124,45834
2125,3125,64409
2126,3126,61575
2127,3127,47285
2128,3128,104561
2129,3129,98518
2130,3130,109133
2131,3131,50862
2132,3132,60646
2133,3133,59832
2134,3134,32110
2135,3135,35244
2136,3136,93095
2137,3137,90254
2138,3138,65854
2139,3139,98659
2140,3140,46366
2141,3141,98522
2142,3142,96266
2143,3143,51953
2144,3144,102330
2145,3145,100994
2146,3146,38062
2147,3147,92455
2148,3148,89353
2149,3149,80722
2150,3150,101687
2151,3151,88742
2152,3152,85361
2153,3153,93204
2154,3154,71950
2155,3155,119087
2156,3156,94406
2157,3157,48399
2158,3158,56114
2159,3159,46274
2160,3160,72099
2161,3161,77189
2162,3162,67279
2163,3163,61394
2164,3164,102075
2165,3165,61937
2166,3166,93171
2167,3167,51693
2168,3168,47732
2169,3169,85404
2170,3170,77118
2171,3171,70503
2172,3172,45974
2173,3173,88764
2174,3174,64452
2175,3175,51411
2176,3176,109450
2177,3177,93654
2178,3178,77028
2179,3179,117976
2180,3180,81960
2181,3181,39655
2182,3182,85303
2183,3183,92948
2184,3184,115520
2185,3185,113294
2186,3186,55449
2187,3187,80874
2188,3188,117533
2189,3189,104004
2190,3190,87275
2191,3191,85018
2192,3192,69138
2193,3193,60910
2194,3194,72566
2195,3195,109657
2196,3196,118750
2197,3197,102285
2198,3198,38606
2199,3199,99052
2200,3200,78989
2201,3201,87388
2202,3202,73320
2203,3203,114488
2204,3204,112140
2205,3205,89027
2206,3206,62376
2207,3207,91000
2208,3208,72690
2209,3209,74487
2210,3210,110888
2211,3211,93660
2212,3212,105948
2213,3213,58711
2214,3214,100031
2215,3215,64226
2216,3216,86315
2217,3217,88561
2218,3218,31138
2219,3219,84116
2220,3220,117131
2221,3221,109179
2222,3222,97295
2223,3223,33302
2224,3224,59429
2225,3225,101027
2226,3226,87506
2227,3227,95325
2228,3228,69241
2229,3229,103197
2230,3230,115178
2231,3231,117348
2232,3232,31491
2233,3233,53540
2234,3234,32186
2235,3235,84969
2236,3236,117173
2237,3237,61449
2238,3238,102251
2239,3239,111755
2240,3240,117633
2241,3241,32944
2242,3242,34351
2243,3243,42274
2244,3244,57730
2245,3245,97999
2246,3246,100187
2247,3247,101457
2248,3248,57027
2249,3249,36430
2250,3250,67770
2251,3251,101127
2252,3252,100034
2253,3253,114303
2254,3254,83913
2255,3255,97289
2256,3256,76630
2257,3257,58931
2258,3258,78492
2259,3259,49650
2260,3260,112463
2261,3261,42207
2262,3262,31723
2263,3263,34946
2264,3264,87684
2265,3265,86626
2266,3266,96326
2267,3267,35586
2268,3268,88554
2269,3269,109119
2270,3270,56562
2271,3271,98208
2272,3272,74767
2273,3273,76314
2274,3274,83699
2275,3275,70857
2276,3276,95260
2277,3277,110465
2278,3278,42337
2279,3279,84401
2280,3280,53965
2281,3281,99644
2282,3282,92166
2283,3283,92814
2284,3284,101166
2285,3285,61071
2286,3286,104696
2287,3287,38323
2288,3288,74048
2289,3289,41934
2290,3290,86663
2291,3291,65697
2292,3292,44305
2293,3293,58072
2294,3294,116199
2295,3295,67008
2296,3296,34590
2297,3297,40225
2298,3298,62440
2299,3299,86155
2300,3300,81225
2301,3301,68812
2302,3302,80397
2303,3303,56594
2304,3304,99234
2305,3305,118233
2306,3306,95918
2307,3307,79885
2308,3308,117449
2309,3309,61095
2310,3310,114930
2311,3311,74020
2312,3312,113748
2313,3313,39129
2314,3314,32228
2315,3315,31474
2316,3316,105683
2317,3317,33339
2318,3318,78398
2319,3319,61739
2320,3320,34897
2321,3321,115335
2322,3322,79875
2323,3323,104361
2324,3324,117415
2325,3325,99291
2326,3326,105580
2327,3327,32374
2328,3328,44211
2329,3329,92657
2330,3330,92744
2331,3331,118181
2332,3332,66670
2333,3333,98567
2334,3334,46427
2335,3335,73837
2336,3336,109233
2337,3337,75325
2338,3338,69057
2339,3339,59305
2340,3340,117811
2341,3341,33052
2342,3342,74148
2343,3343,75833
2344,3344,69216
2345,3345,107254
2346,3346,62325
2347,3347,95975
2348,3348,116696
2349,3349,91114
2350,3350,57698
2351,3351,79160
2352,3352,98380
2353,3353,94678
2354,3354,88280
2355,3355,61042
2356,3356,47844
2357,3357,65832
2358,3358,32754
2359,3359,79421
2360,3360,114797
2361,3361,63927
2362,3362,105587
2363,3363,111634
2364,3364,60890
2365,3365,113689
2366,3366,60214
2367,3367,106479
2368,3368,38294
2369,3369,35311
2370,3370,90217
2371,3371,55556
2372,3372,93243
2373,3373,92862
2374,3374,41346
2375,3375,81348
2376,3376,43049
2377,3377,71823
2378,3378,89595
2379,3379,35383
2380,3380,71073
2381,3381,93787
2382,3382,50206
2383,3383,31527
2384,3384,101725
2385,3385,103223
2386,3386,31509
2387,3387,60033
2388,3388,65693
2389,3389,98499
2390,3390,50424
2391,3391,67024
2392,3392,48919
2393,3393,108584
2394,3394,107751
2395,3395,110858
2396,3396,104021
2397,3397,45947
2398,3398,105840
2399,3399,57089
2400,3400,59608
2401,3401,66873
2402,3402,46465
2403,3403,98568
2404,3404,102478
2405,3405,74515
2406,3406,58813
2407,3407,49047
2408,3408,80331
2409,3409,67678
2410,3410,99939
2411,3411,113220
2412,3412,75048
2413,3413,75174
2414,3414,38828
2415,3415,84869
2416,3416,73773
2417,3417,41317
2418,3418,94143
2419,3419,49128
2420,3420,91638
2421,3421,70423
2422,3422,87950
2423,3423,44872
2424,3424,54657
2425,3425,58275
2426,3426,108223
2427,3427,105679
2428,3428,30328
2429,3429,98883
2430,3430,117261
2431,3431,99973
2432,3432,34701
2433,3433,81814
2434,3434,84841
2435,3435,51259
2436,3436,70962
2437,3437,63826
2438,3438,96288
2439,3439,99670
2440,3440,90079
2441,3441,104436
2442,3442,81821
2443,3443,113720
2444,3444,80686
2445,3445,45595
2446,3446,72193
2447,3447,91382
2448,3448,82969
2449,3449,43823
2450,3450,100157
2451,3451,96591
2452,3452,30841
2453,3453,103558
2454,3454,71471
2455,3455,77381
2456,3456,62811
2457,3457,82326
2458,3458,51877
2459,3459,103705
2460,3460,99706
2461,3461,79832
2462,3462,80601
2463,3463,102895
2464,3464,63152
2465,3465,104180
2466,3466,102884
2467,3467,45266
2468,3468,92800
2469,3469,55007
2470,3470,51718
2471,3471,56811
2472,3472,108691
2473,3473,40933
2474,3474,96881
2475,3475,71042
2476,3476,57355
2477,3477,61066
2478,3478,116239
2479,3479,79214
2480,3480,45978
2481,3481,71663
2482,3482,115193
2483,3483,91722
2484,3484,38758
2485,3485,117094
2486,3486,114700
2487,3487,111334
2488,3488,108249
2489,3489,99558
2490,3490,71329
2491,3491,38271
2492,3492,44412
2493,3493,78457
2494,3494,65849
2495,3495,55395
2496,3496,119376
2497,3497,72598
2498,3498,46107
2499,3499,42359
2500,3500,50002
2501,3501,104519
2502,3502,47857
2503,3503,65915
2504,3504,77939
2505,3505,42441
2506,3506,47915
2507,3507,98603
2508,3508,75042
2509,3509,90020
2510,3510,101504
2511,3511,74831
2512,3512,115465
2513,3513,53099
2514,3514,98687
2515,3515,96673
2516,3516,51719
2517,3517,42347
2518,3518,103811
2519,3519,103832
2520,3520,94675
2521,3521,82995
2522,3522,76061
2523,3523,89977
2524,3524,119736
2525,3525,33060
2526,3526,119316
2527,3527,92594
2528,3528,89309
2529,3529,110006
2530,3530,59727
2531,3531,43050
2532,3532,71655
2533,3533,88322
2534,3534,43069
2535,3535,112779
2536,3536,81101
2537,3537,113774
2538,3538,78237
2539,3539,40386
2540,3540,46798
2541,3541,43275
2542,3542,57572
2543,3543,101016
2544,3544,55980
2545,3545,39191
2546,3546,45741
2547,3547,31341
2548,3548,103703
2549,3549,110308
2550,3550,49258
2551,3551,52645
2552,3552,118727
2553,3553,76417
2554,3554,76856
2555,3555,117134
2556,3556,109872
2557,3557,72855
2558,3558,94825
2559,3559,115887
2560,3560,46107
2561,3561,78898
2562,3562,102766
2563,3563,52132
2564,3564,64159
2565,3565,96163
2566,3566,31698
2567,3567,90115
2568,3568,78185
2569,3569,72513
2570,3570,112695
2571,3571,34110
2572,3572,96610
2573,3573,86699
2574,3574,115903
2575,3575,55583
2576,3576,77141
2577,3577,45099
2578,3578,100195
2579,3579,110878
2580,3580,105412
2581,3581,114905
2582,3582,67977
2583,3583,85349
2584,3584,101469
2585,3585,68893
2586,3586,52319
2587,3587,97232
2588,3588,72594
2589,3589,96890
2590,3590,88030
2591,3591,64371
2592,3592,81354
2593,3593,52703
2594,3594,71949
2595,3595,70449
2596,3596,68110
2597,3597,90582
2598,3598,69136
2599,3599,56994
2600,3600,52979
2601,3601,69988
2602,3602,82113
2603,3603,112913
2604,3604,57609
2605,3605,63810
2606,3606,45721
2607,3607,32891
2608,3608,110134
2609,3609,36701
2610,3610,44917
2611,3611,60582
2612,3612,103448
2613,3613,82402
2614,3614,31615
2615,3615,48963
2616,3616,68578
2617,3617,63766
2618,3618,32731
2619,3619,59021
2620,3620,78554
2621,3621,56361
2622,3622,48641
2623,3623,69992
2624,3624,67955
2625,3625,94175
2626,3626,81928
2627,3627,117530
2628,3628,110671
2629,3629,71831
2630,3630,75031
2631,3631,37132
2632,3632,69300
2633,3633,112725
2634,3634,38489
2635,3635,117417
2636,3636,99471
2637,3637,67286
2638,3638,66699
2639,3639,94361
2640,3640,96679
2641,3641,49881
2642,3642,62441
2643,3643,51695
2644,3644,82579
2645,3645,30409
2646,3646,79147
2647,3647,87010
2648,3648,73773
2649,3649,59162
2650,3650,110453
2651,3651,94285
2652,3652,109785
2653,3653,88132
2654,3654,99281
2655,3655,52623
2656,3656,97270
2657,3657,80328
2658,3658,119386
2659,3659,52377
2660,3660,71147
2661,3661,61390
2662,3662,89771
2663,3663,54805
2664,3664,56624
2665,3665,50864
2666,3666,75997
2667,3667,51877
2668,3668,51022
2669,3669,73898
2670,3670,116255
2671,3671,41838
2672,3672,78428
2673,3673,96624
2674,3674,119473
2675,3675,72532
2676,3676,92724
2677,3677,93698
2678,3678,67397
2679,3679,37244
2680,3680,58247
2681,3681,88847
2682,3682,40237
2683,3683,89941
2684,3684,48018
2685,3685,58300
2686,3686,86242
2687,3687,73950
2688,3688,92555
2689,3689,67891
2690,3690,31294
2691,3691,107914
2692,3692,71634
2693,3693,84413
2694,3694,57758
2695,3695,69699
2696,3696,95107
2697,3697,89998
2698,3698,90167
2699,3699,81455
2700,3700,54350
2701,3701,69629
2702,3702,79397
2703,3703,62364
2704,3704,110873
2705,3705,53954
2706,3706,45238
2707,3707,102496
2708,3708,51520
2709,3709,68822
2710,3710,58442
2711,3711,50174
2712,3712,49369
2713,3713,82994
2714,3714,117237
2715,3715,44101
2716,3716,64192
2717,3717,35358
2718,3718,36891
2719,3719,77589
2720,3720,102537
2721,3721,79454
2722,3722,44928
2723,3723,114917
2724,3724,86029
2725,3725,115324
2726,3726,64426
2727,3727,65699
2728,3728,39342
2729,3729,31855
2730,3730,110816
2731,3731,36735
2732,3732,43544
2733,3733,66677
2734,3734,102947
2735,3735,91489
2736,3736,111569
2737,3737,99105
2738,3738,34025
2739,3739,73619
2740,3740,112202
2741,3741,104273
2742,3742,88800
2743,3743,114940
2744,3744,107411
2745,3745,41547
2746,3746,94240
2747,3747,70831
2748,3748,70165
2749,3749,111150
2750,3750,74215
2751,3751,110300
2752,3752,48097
2753,3753,58655
2754,3754,69456
2755,3755,93944
2756,3756,63834
2757,3757,114057
2758,3758,90402
2759,3759,93319
2760,3760,64503
2761,3761,66299
2762,3762,32534
2763,3763,45150
2764,3764,109744
2765,3765,56384
2766,3766,118583
2767,3767,69190
2768,3768,105810
2769,3769,34553
2770,3770,92756
2771,3771,46305
2772,3772,49845
2773,3773,90115
2774,3774,73963
2775,3775,33887
2776,3776,70699
2777,3777,76921
2778,3778,66028
2779,3779,64981
2780,3780,69517
2781,3781,62365
2782,3782,58021
2783,3783,91364
2784,3784,51500
2785,3785,94305
2786,3786,47514
2787,3787,78495
2788,3788,35412
2789,3789,36717
2790,3790,110700
2791,3791,58882
2792,3792,72185
2793,3793,52335
2794,3794,47696
2795,3795,92662
2796,3796,116428
2797,3797,107273
2798,3798,50292
2799,3799,70029
2800,3800,115640
2801,3801,30220
2802,3802,114313
2803,3803,109500
2804,3804,42616
2805,3805,71789
2806,3806,50522
2807,3807,81822
2808,3808,68412
2809,3809,80760
2810,3810,118577
2811,3811,33224
2812,3812,96495
2813,3813,46074
2814,3814,84109
2815,3815,43544
2816,3816,75513
2817,3817,119400
2818,3818,71388
2819,3819,84435
2820,3820,75468
2821,3821,44445
2822,3822,61980
2823,3823,46927
2824,3824,108329
2825,3825,119835
2826,3826,107043
2827,3827,111169
2828,3828,65313
2829,3829,86610
2830,3830,58789
2831,3831,51054
2832,3832,42022
2833,3833,65666
2834,3834,63767
2835,3835,119105
2836,3836,98802
2837,3837,74265
2838,3838,95594
2839,3839,64552
2840,3840,88699
2841,3841,34521
2842,3842,91393
2843,3843,82338
2844,3844,111249
2845,3845,81941
2846,3846,64463
2847,3847,86854
2848,3848,58835
2849,3849,55508
2850,3850,96096
2851,3851,105075
2852,3852,114764
2853,3853,77809
2854,3854,104970
2855,3855,45937
2856,3856,44475
2857,3857,65182
2858,3858,86302
2859,3859,44843
2860,3860,46225
2861,3861,30799
2862,3862,51038
2863,3863,112780
2864,3864,57418
2865,3865,77171
2866,3866,113247
2867,3867,42915
2868,3868,31868
2869,3869,58988
2870,3870,73153
2871,3871,81396
2872,3872,50369
2873,3873,78761
2874,3874,38547
2875,3875,97173
2876,3876,31876
2877,3877,35077
2878,3878,48842
2879,3879,118042
2880,3880,107592
2881,3881,77606
2882,3882,67200
2883,3883,41218
2884,3884,69724
2885,3885,82886
2886,3886,51003
2887,3887,74265
2888,3888,115650
2889,3889,43253
2890,3890,86327
2891,3891,72896
2892,3892,75959
2893,3893,49347
2894,3894,47521
2895,3895,118590
2896,3896,48991
2897,3897,74086
2898,3898,91734
2899,3899,98534
2900,3900,61308
2901,3901,105905
2902,3902,40402
2903,3903,30373
2904,3904,34746
2905,3905,97170
2906,3906,58063
2907,3907,73563
2908,3908,57066
2909,3909,71431
2910,3910,115906
2911,3911,99677
2912,3912,81619
2913,3913,69751
2914,3914,41655
2915,3915,42387
2916,3916,99158
2917,3917,100057
2918,3918,107870
2919,3919,109086
2920,3920,48163
2921,3921,46741
2922,3922,111779
2923,3923,71284
2924,3924,110385
2925,3925,78586
2926,3926,47547
2927,3927,58767
2928,3928,78041
2929,3929,68220
2930,3930,70233
2931,3931,95830
2932,3932,47526
2933,3933,48763
2934,3934,64120
2935,3935,74104
2936,3936,44940
2937,3937,40728
2938,3938,84505
2939,3939,99736
2940,3940,68468
2941,3941,90313
2942,3942,35914
2943,3943,32140
2944,3944,65545
2945,3945,56843
2946,3946,63472
2947,3947,64994
2948,3948,109751
2949,3949,89500
2950,3950,71049
2951,3951,53973
2952,3952,37511
2953,3953,32501
2954,3954,44801
2955,3955,64660
2956,3956,89583
2957,3957,67781
2958,3958,52607
2959,3959,114936
2960,3960,73544
2961,3961,63572
2962,3962,115952
2963,3963,90124
2964,3964,106984
2965,3965,91662
2966,3966,53184
2967,3967,116508
2968,3968,74094
2969,3969,68258
2970,3970,51595
2971,3971,74483
2972,3972,96637
2973,3973,103956
2974,3974,110158
2975,3975,66518
2976,3976,96778
2977,3977,68187
2978,3978,59884
2979,3979,91715
2980,3980,111012
2981,3981,87890
2982,3982,50243
2983,3983,88438
2984,3984,80214
2985,3985,69483
2986,3986,108836
2987,3987,84803
2988,3988,85506
2989,3989,113259
2990,3990,60073
2991,3991,97609
2992,3992,101978
2993,3993,110124
2994,3994,103495
2995,3995,102362
2996,3996,83340
2997,3997,50823
2998,3998,116617
2999,3999,42673
3000,4000,97814
3001,4001,48050
3002,4002,43109
3003,4003,49423
3004,4004,108344
3005,4005,86430
3006,4006,48601
3007,4007,81626
3008,4008,44283
3009,4009,111264
3010,4010,112219
3011,4011,99406
3012,4012,76695
3013,4013,46286
3014,4014,66263
3015,4015,30942
3016,4016,71200
3017,4017,54645
3018,4018,85560
3019,4019,115783
3020,4020,83656
3021,4021,67964
3022,4022,61851
3023,4023,35027
3024,4024,45134
3025,4025,57794
3026,4026,102955
3027,4027,55089
3028,4028,96902
3029,4029,88019
3030,4030,37657
3031,4031,56898
3032,4032,58309
3033,4033,107049
3034,4034,38870
3035,4035,100904
3036,4036,111650
3037,4037,85499
3038,4038,73856
3039,4039,77587
3040,4040,107058
3041,4041,46274
3042,4042,52589
3043,4043,37196
3044,4044,48996
3045,4045,93804
3046,4046,52583
3047,4047,56712
3048,4048,87357
3049,4049,111027
3050,4050,31939
3051,4051,63085
3052,4052,38983
3053,4053,68499
3054,4054,109744
3055,4055,89083
3056,4056,35659
3057,4057,43136
3058,4058,115904
3059,4059,52949
3060,4060,80310
3061,4061,73096
3062,4062,41818
3063,4063,63942
3064,4064,111057
3065,4065,32504
3066,4066,41007
3067,4067,37251
3068,4068,118163
3069,4069,106668
3070,4070,81489
3071,4071,118420
3072,4072,59413
3073,4073,69571
3074,4074,70476
3075,4075,101443
3076,4076,80205
3077,4077,42999
3078,4078,104617
3079,4079,88542
3080,4080,70505
3081,4081,98519
3082,4082,80150
3083,4083,88598
3084,4084,104650
3085,4085,60104
3086,4086,65541
3087,4087,119289
3088,4088,61800
3089,4089,34511
3090,4090,46402
3091,4091,106432
3092,4092,59368
3093,4093,112518
3094,4094,41985
3095,4095,47654
3096,4096,101138
3097,4097,34074
3098,4098,94301
3099,4099,55864
3100,4100,84461
3101,4101,50335
3102,4102,62840
3103,4103,55035
3104,4104,33587
3105,4105,115436
3106,4106,72922
3107,4107,98939
3108,4108,109662
3109,4109,54682
3110,4110,49987
3111,4111,94348
3112,4112,73885
3113,4113,97533
3114,4114,115367
3115,4115,56584
3116,4116,100841
3117,4117,70709
3118,4118,86878
3119,4119,95087
3120,4120,38024
3121,4121,52523
3122,4122,93538
3123,4123,105386
3124,4124,35576
3125,4125,59525
3126,4126,38518
3127,4127,95884
3128,4128,42415
3129,4129,45904
3130,4130,57737
3131,4131,104768
3132,4132,95677
3133,4133,96260
3134,4134,111229
3135,4135,90088
3136,4136,105164
3137,4137,82310
3138,4138,90405
3139,4139,69529
3140,4140,115437
3141,4141,100091
3142,4142,98206
3143,4143,33211
3144,4144,39423
3145,4145,93901
3146,4146,45051
3147,4147,67293
3148,4148,89812
3149,4149,70473
3150,4150,80669
3151,4151,34002
3152,4152,60908
3153,4153,86025
3154,4154,77104
3155,4155,89630
3156,4156,70526
3157,4157,98003
3158,4158,38906
3159,4159,64595
3160,4160,75487
3161,4161,96109
3162,4162,45220
3163,4163,30927
3164,4164,40302
3165,4165,77784
3166,4166,98064
3167,4167,92956
3168,4168,68909
3169,4169,108582
3170,4170,73050
3171,4171,35200
3172,4172,83350
3173,4173,86747
3174,4174,97108
3175,4175,74450
3176,4176,48412
3177,4177,39993
3178,4178,115508
3179,4179,98132
3180,4180,46482
3181,4181,51863
3182,4182,33807
3183,4183,73913
3184,4184,40284
3185,4185,112947
3186,4186,40888
3187,4187,84709
3188,4188,55561
3189,4189,117377
3190,4190,60251
3191,4191,117561
3192,4192,39103
3193,4193,85863
3194,4194,68696
3195,4195,91848
3196,4196,46154
3197,4197,115014
3198,4198,62088
3199,4199,47663
3200,4200,54462
3201,4201,94688
3202,4202,117704
3203,4203,110571
3204,4204,82723
3205,4205,66693
3206,4206,99340
3207,4207,64735
3208,4208,30551
3209,4209,63475
3210,4210,107581
3211,4211,32740
3212,4212,87993
3213,4213,56373
3214,4214,98239
3215,4215,117678
3216,4216,119066
3217,4217,100739
3218,4218,62958
3219,4219,72215
3220,4220,100040
3221,4221,116368
3222,4222,94037
3223,4223,34130
3224,4224,41504
3225,4225,51768
3226,4226,52616
3227,4227,48015
3228,4228,43508
3229,4229,81207
3230,4230,85100
3231,4231,69647
3232,4232,55442
3233,4233,80384
3234,4234,36222
3235,4235,79841
3236,4236,50394
3237,4237,33363
3238,4238,81089
3239,4239,68314
3240,4240,92565
3241,4241,76251
3242,4242,87855
3243,4243,53145
3244,4244,42647
3245,4245,115199
3246,4246,113212
3247,4247,69711
3248,4248,64825
3249,4249,86890
3250,4250,67028
3251,4251,45666
3252,4252,85610
3253,4253,35868
3254,4254,79798
3255,4255,47167
3256,4256,90907
3257,4257,64244
3258,4258,37562
3259,4259,83367
3260,4260,52305
3261,4261,53675
3262,4262,60103
3263,4263,97345
3264,4264,102184
3265,4265,44336
3266,4266,40169
3267,4267,45089
3268,4268,104151
3269,4269,30328
3270,4270,63903
3271,4271,78638
3272,4272,40886
3273,4273,118355
3274,4274,34413
3275,4275,73338
3276,4276,71646
3277,4277,103796
3278,4278,111936
3279,4279,40812
3280,4280,105866
3281,4281,35279
3282,4282,35862
3283,4283,110491
3284,4284,67508
3285,4285,38199
3286,4286,93187
3287,4287,71325
3288,4288,50543
3289,4289,43771
3290,4290,105337
3291,4291,98151
3292,4292,92330
3293,4293,89058
3294,4294,43280
3295,4295,65419
3296,4296,81476
3297,4297,44296
3298,4298,118387
3299,4299,100936
3300,4300,85139
3301,4301,56011
3302,4302,71907
3303,4303,64261
3304,4304,47942
3305,4305,38711
3306,4306,102226
3307,4307,35372
3308,4308,89286
3309,4309,74554
3310,4310,80182
3311,4311,116173
3312,4312,84352
3313,4313,109960
3314,4314,104694
3315,4315,68296
3316,4316,112034
3317,4317,69348
3318,4318,87153
3319,4319,105730
3320,4320,78529
3321,4321,63715
3322,4322,102099
3323,4323,31243
3324,4324,117712
3325,4325,103769
3326,4326,91800
3327,4327,117931
3328,4328,109712
3329,4329,75127
3330,4330,62611
3331,4331,60014
3332,4332,41083
3333,4333,102131
3334,4334,88739
3335,4335,101035
3336,4336,80265
3337,4337,79971
3338,4338,114822
3339,4339,119262
3340,4340,64022
3341,4341,77557
3342,4342,80070
3343,4343,95266
3344,4344,58790
3345,4345,37527
3346,4346,113941
3347,4347,74100
3348,4348,89542
3349,4349,82940
3350,4350,106396
3351,4351,82741
3352,4352,89581
3353,4353,107019
3354,4354,85904
3355,4355,76572
3356,4356,84840
3357,4357,50867
3358,4358,70282
3359,4359,112931
3360,4360,52096
3361,4361,100606
3362,4362,62217
3363,4363,105024
3364,4364,68536
3365,4365,88546
3366,4366,53875
3367,4367,35863
3368,4368,96454
3369,4369,39371
3370,4370,66693
3371,4371,54993
3372,4372,41455
3373,4373,58125
3374,4374,86045
3375,4375,84076
3376,4376,117635
3377,4377,61153
3378,4378,106672
3379,4379,88807
3380,4380,80511
3381,4381,76842
3382,4382,38070
3383,4383,100819
3384,4384,65412
3385,4385,119051
3386,4386,35904
3387,4387,75818
3388,4388,65964
3389,4389,73695
3390,4390,77946
3391,4391,102106
3392,4392,104651
3393,4393,108675
3394,4394,61963
3395,4395,35471
3396,4396,41211
3397,4397,90943
3398,4398,45470
3399,4399,106059
3400,4400,47684
3401,4401,49587
3402,4402,75674
3403,4403,94476
3404,4404,118636
3405,4405,65622
3406,4406,78164
3407,4407,89717
3408,4408,107064
3409,4409,89289
3410,4410,38449
3411,4411,30611
3412,4412,86483
3413,4413,109092
3414,4414,75889
3415,4415,50983
3416,4416,46584
3417,4417,102032
3418,4418,62925
3419,4419,57335
3420,4420,89502
3421,4421,80656
3422,4422,105267
3423,4423,44060
3424,4424,73048
3425,4425,87789
3426,4426,113775
3427,4427,76204
3428,4428,47932
3429,4429,36145
3430,4430,67930
3431,4431,85826
3432,4432,36778
3433,4433,30214
3434,4434,77972
3435,4435,85882
3436,4436,48816
3437,4437,101142
3438,4438,100645
3439,4439,44184
3440,4440,74983
3441,4441,105637
3442,4442,86286
3443,4443,77702
3444,4444,31559
3445,4445,42830
3446,4446,64197
3447,4447,69814
3448,4448,92178
3449,4449,79958
3450,4450,75709
3451,4451,53529
3452,4452,92060
3453,4453,74627
3454,4454,106163
3455,4455,64238
3456,4456,52118
3457,4457,40879
3458,4458,95423
3459,4459,47011
3460,4460,84665
3461,4461,84132
3462,4462,80691
3463,4463,44383
3464,4464,101794
3465,4465,66367
3466,4466,108307
3467,4467,63109
3468,4468,53079
3469,4469,33106
3470,4470,85536
3471,4471,38928
3472,4472,33890
3473,4473,115568
3474,4474,45317
3475,4475,76761
3476,4476,91478
3477,4477,100843
3478,4478,118787
3479,4479,111171
3480,4480,35726
3481,4481,84214
3482,4482,43946
3483,4483,105568
3484,4484,83554
3485,4485,109250
3486,4486,87306
3487,4487,104040
3488,4488,80337
3489,4489,31296
3490,4490,61614
3491,4491,91225
3492,4492,70224
3493,4493,90596
3494,4494,60987
3495,4495,36438
3496,4496,117435
3497,4497,54366
3498,4498,98478
3499,4499,40474
3500,4500,117416
3501,4501,66550
3502,4502,79262
3503,4503,105131
3504,4504,50374
3505,4505,106111
3506,4506,67598
3507,4507,62878
3508,4508,33062
3509,4509,111712
3510,4510,39123
3511,4511,93735
3512,4512,70159
3513,4513,58072
3514,4514,41801
3515,4515,102486
3516,4516,30488
3517,4517,69077
3518,4518,115659
3519,4519,41197
3520,4520,71017
3521,4521,97519
3522,4522,56109
3523,4523,88786
3524,4524,50574
3525,4525,53374
3526,4526,101024
3527,4527,81889
3528,4528,38567
3529,4529,92390
3530,4530,43218
3531,4531,30580
3532,4532,76991
3533,4533,49794
3534,4534,72386
3535,4535,100030
3536,4536,114425
3537,4537,78646
3538,4538,59508
3539,4539,32471
3540,4540,109473
3541,4541,39579
3542,4542,37722
3543,4543,115562
3544,4544,96059
3545,4545,105696
3546,4546,40218
3547,4547,103096
3548,4548,91929
3549,4549,107047
3550,4550,68624
3551,4551,85112
3552,4552,112080
3553,4553,98869
3554,4554,78327
3555,4555,31977
3556,4556,89518
3557,4557,45705
3558,4558,111419
3559,4559,57859
3560,4560,92133
3561,4561,56232
3562,4562,98227
3563,4563,73225
3564,4564,61837
3565,4565,50393
3566,4566,73452
3567,4567,79640
3568,4568,35876
3569,4569,111833
3570,4570,118865
3571,4571,93802
3572,4572,71873
3573,4573,81063
3574,4574,32587
3575,4575,88256
3576,4576,90754
3577,4577,92861
3578,4578,106769
3579,4579,86281
3580,4580,108539
3581,4581,99658
3582,4582,104585
3583,4583,107160
3584,4584,82969
3585,4585,47599
3586,4586,31375
3587,4587,58483
3588,4588,71387
3589,4589,118814
3590,4590,112192
3591,4591,112362
3592,4592,49452
3593,4593,45513
3594,4594,108042
3595,4595,67209
3596,4596,30200
3597,4597,107564
3598,4598,38122
3599,4599,57084
3600,4600,39023
3601,4601,49620
3602,4602,70805
3603,4603,83304
3604,4604,73037
3605,4605,69782
3606,4606,79728
3607,4607,46801
3608,4608,66542
3609,4609,31479
3610,4610,95132
3611,4611,65767
3612,4612,96279
3613,4613,48067
3614,4614,79078
3615,4615,57552
3616,4616,52922
3617,4617,78259
3618,4618,101273
3619,4619,97907
3620,4620,33064
3621,4621,102534
3622,4622,80948
3623,4623,84613
3624,4624,43361
3625,4625,113578
3626,4626,106992
3627,4627,66756
3628,4628,100959
3629,4629,49084
3630,4630,47142
3631,4631,104338
3632,4632,53936
3633,4633,33834
3634,4634,43762
3635,4635,58560
3636,4636,100196
3637,4637,42464
3638,4638,98924
3639,4639,109242
3640,4640,58431
3641,4641,90270
3642,4642,67800
3643,4643,77100
3644,4644,54141
3645,4645,80296
3646,4646,62685
3647,4647,84060
3648,4648,88622
3649,4649,77990
3650,4650,49142
3651,4651,65363
3652,4652,116991
3653,4653,40265
3654,4654,31257
3655,4655,71302
3656,4656,36553
3657,4657,71553
3658,4658,105111
3659,4659,114115
3660,4660,40581
3661,4661,81966
3662,4662,50177
3663,4663,38061
3664,4664,70705
3665,4665,45738
3666,4666,115301
3667,4667,82969
3668,4668,47917
3669,4669,86672
3670,4670,49856
3671,4671,67996
3672,4672,117701
3673,4673,58188
3674,4674,50115
3675,4675,114428
3676,4676,98182
3677,4677,48797
3678,4678,71272
3679,4679,35388
3680,4680,76351
3681,4681,103211
3682,4682,75647
3683,4683,92481
3684,4684,108813
3685,4685,102010
3686,4686,75804
3687,4687,40075
3688,4688,53199
3689,4689,92214
3690,4690,85268
3691,4691,35761
3692,4692,51576
3693,4693,106742
3694,4694,71747
3695,4695,63889
3696,4696,101855
3697,4697,40580
3698,4698,47029
3699,4699,82510
3700,4700,52432
3701,4701,65806
3702,4702,61389
3703,4703,59713
3704,4704,77930
3705,4705,51987
3706,4706,51883
3707,4707,89075
3708,4708,52991
3709,4709,73414
3710,4710,105194
3711,4711,62703
3712,4712,69935
3713,4713,88134
3714,4714,61484
3715,4715,117972
3716,4716,45747
3717,4717,60767
3718,4718,110044
3719,4719,95344
3720,4720,60636
3721,4721,115978
3722,4722,94315
3723,4723,96161
3724,4724,111605
3725,4725,77776
3726,4726,61601
3727,4727,67844
3728,4728,70614
3729,4729,92462
3730,4730,99297
3731,4731,65313
3732,4732,97579
3733,4733,96823
3734,4734,99246
3735,4735,79633
3736,4736,94576
3737,4737,52461
3738,4738,107046
3739,4739,95861
3740,4740,54262
3741,4741,30088
3742,4742,81693
3743,4743,63588
3744,4744,65476
3745,4745,41962
3746,4746,33964
3747,4747,97759
3748,4748,32159
3749,4749,34981
3750,4750,91737
3751,4751,118555
3752,4752,70841
3753,4753,88624
3754,4754,39078
3755,4755,87303
3756,4756,115711
3757,4757,82665
3758,4758,84564
3759,4759,89859
3760,4760,113254
3761,4761,110384
3762,4762,117136
3763,4763,55898
3764,4764,108500
3765,4765,52779
3766,4766,76007
3767,4767,70767
3768,4768,74442
3769,4769,118167
3770,4770,110732
3771,4771,78721
3772,4772,119255
3773,4773,40805
3774,4774,71441
3775,4775,114360
3776,4776,82600
3777,4777,108610
3778,4778,49505
3779,4779,37396
3780,4780,92040
3781,4781,31293
3782,4782,69172
3783,4783,40679
3784,4784,81352
3785,4785,90475
3786,4786,67648
3787,4787,103638
3788,4788,100703
3789,4789,113172
3790,4790,45925
3791,4791,40550
3792,4792,45064
3793,4793,115119
3794,4794,31289
3795,4795,63076
3796,4796,97444
3797,4797,39932
3798,4798,115644
3799,4799,108035
3800,4800,34906
3801,4801,84877
3802,4802,91832
3803,4803,103935
3804,4804,92889
3805,4805,94404
3806,4806,40904
3807,4807,74667
3808,4808,78641
3809,4809,112877
3810,4810,43695
3811,4811,62850
3812,4812,90226
3813,4813,35425
3814,4814,93464
3815,4815,64070
3816,4816,104501
3817,4817,33590
3818,4818,31450
3819,4819,107692
3820,4820,64756
3821,4821,84313
3822,4822,116590
3823,4823,108757
3824,4824,114449
3825,4825,111436
3826,4826,40016
3827,4827,51196
3828,4828,110744
3829,4829,111732
3830,4830,90456
3831,4831,92344
3832,4832,52948
3833,4833,82654
3834,4834,89254
3835,4835,32928
3836,4836,69675
3837,4837,69645
3838,4838,50849
3839,4839,106305
3840,4840,32850
3841,4841,82484
3842,4842,61936
3843,4843,87431
3844,4844,52814
3845,4845,38340
3846,4846,49187
3847,4847,117396
3848,4848,41352
3849,4849,72754
3850,4850,48900
3851,4851,43769
3852,4852,51428
3853,4853,103990
3854,4854,44640
3855,4855,83752
3856,4856,93472
3857,4857,52189
3858,4858,36466
3859,4859,55275
3860,4860,39827
3861,4861,32546
3862,4862,68523
3863,4863,112605
3864,4864,45996
3865,4865,86335
3866,4866,49771
3867,4867,44998
3868,4868,72180
3869,4869,97864
3870,4870,101868
3871,4871,67037
3872,4872,98696
3873,4873,44653
3874,4874,56926
3875,4875,56116
3876,4876,82761
3877,4877,40318
3878,4878,119386
3879,4879,88635
3880,4880,88389
3881,4881,82696
3882,4882,85216
3883,4883,50826
3884,4884,80210
3885,4885,114259
3886,4886,90308
3887,4887,107026
3888,4888,64201
3889,4889,30614
3890,4890,72331
3891,4891,67339
3892,4892,52318
3893,4893,114106
3894,4894,104612
3895,4895,97864
3896,4896,99455
3897,4897,106990
3898,4898,47816
3899,4899,62601
3900,4900,117335
3901,4901,54877
3902,4902,80913
3903,4903,97054
3904,4904,60806
3905,4905,88757
3906,4906,33277
3907,4907,63082
3908,4908,98028
3909,4909,64169
3910,4910,75064
3911,4911,104034
3912,4912,82768
3913,4913,52329
3914,4914,65000
3915,4915,116365
3916,4916,89101
3917,4917,100712
3918,4918,76509
3919,4919,75007
3920,4920,42981
3921,4921,78809
3922,4922,114109
3923,4923,104635
3924,4924,92988
3925,4925,86431
3926,4926,85218
3927,4927,48389
3928,4928,37694
3929,4929,48551
3930,4930,64167
3931,4931,98009
3932,4932,64488
3933,4933,76628
3934,4934,104606
3935,4935,50318
3936,4936,61769
3937,4937,119441
3938,4938,103341
3939,4939,42553
3940,4940,54864
3941,4941,54323
3942,4942,77997
3943,4943,88485
3944,4944,86932
3945,4945,54873
3946,4946,30571
3947,4947,35024
3948,4948,43812
3949,4949,62242
3950,4950,90815
3951,4951,118525
3952,4952,38442
3953,4953,74207
3954,4954,51833
3955,4955,82147
3956,4956,117474
3957,4957,80766
3958,4958,113873
3959,4959,118771
3960,4960,43248
3961,4961,77007
3962,4962,111410
3963,4963,76288
3964,4964,101770
3965,4965,79789
3966,4966,53082
3967,4967,53534
3968,4968,101721
3969,4969,51887
3970,4970,90771
3971,4971,107840
3972,4972,68893
3973,4973,40483
3974,4974,84769
3975,4975,81975
3976,4976,95717
3977,4977,114040
3978,4978,31396
3979,4979,44905
3980,4980,64660
3981,4981,117898
3982,4982,102746
3983,4983,70998
3984,4984,95816
3985,4985,119669
3986,4986,56215
3987,4987,106607
3988,4988,35909
3989,4989,36690
3990,4990,98986
3991,4991,56480
3992,4992,67872
3993,4993,35593
3994,4994,114149
3995,4995,85061
3996,4996,73646
3997,4997,61675
3998,4998,68167
3999,4999,59445
4000,5000,78009
4001,5001,81229
4002,5002,119005
4003,5003,42395
4004,5004,73014
4005,5005,83575
4006,5006,88585
4007,5007,42077
4008,5008,57119
4009,5009,119616
4010,5010,34353
4011,5011,115471
4012,5012,33335
4013,5013,83483
4014,5014,109146
4015,5015,119533
4016,5016,35322
4017,5017,72254
4018,5018,60612
4019,5019,75648
4020,5020,38146
4021,5021,51725
4022,5022,85431
4023,5023,58874
4024,5024,104907
4025,5025,71732
4026,5026,92759
4027,5027,88504
4028,5028,33886
4029,5029,83374
4030,5030,117650
4031,5031,105070
4032,5032,38448
4033,5033,101540
4034,5034,54329
4035,5035,33097
4036,5036,102089
4037,5037,57741
4038,5038,105197
4039,5039,46806
4040,5040,106188
4041,5041,31323
4042,5042,54312
4043,5043,100121
4044,5044,71393
4045,5045,40151
4046,5046,63353
4047,5047,90250
4048,5048,86318
4049,5049,89404
4050,5050,118485
4051,5051,93152
4052,5052,51541
4053,5053,32861
4054,5054,76612
4055,5055,75975
4056,5056,64584
4057,5057,83689
4058,5058,70409
4059,5059,67475
4060,5060,111209
4061,5061,40245
4062,5062,59641
4063,5063,87523
4064,5064,67216
4065,5065,43564
4066,5066,58871
4067,5067,52153
4068,5068,84124
4069,5069,99126
4070,5070,86177
4071,5071,31788
4072,5072,115595
4073,5073,92232
4074,5074,111695
4075,5075,75663
4076,5076,111199
4077,5077,68586
4078,5078,116407
4079,5079,93772
4080,5080,32597
4081,5081,72739
4082,5082,67304
4083,5083,53301
4084,5084,54615
4085,5085,72483
4086,5086,90633
4087,5087,36457
4088,5088,113330
4089,5089,64001
4090,5090,35812
4091,5091,68332
4092,5092,105477
4093,5093,57166
4094,5094,47684
4095,5095,39533
4096,5096,73905
4097,5097,60138
4098,5098,33028
4099,5099,36928
4100,5100,48113
4101,5101,109940
4102,5102,85598
4103,5103,102313
4104,5104,80848
4105,5105,79496
4106,5106,70047
4107,5107,41932
4108,5108,78596
4109,5109,47505
4110,5110,33735
4111,5111,99254
4112,5112,85008
4113,5113,69218
4114,5114,55642
4115,5115,94396
4116,5116,110355
4117,5117,117488
4118,5118,94203
4119,5119,84155
4120,5120,111947
4121,5121,56318
4122,5122,87784
4123,5123,116613
4124,5124,60101
4125,5125,33930
4126,5126,67438
4127,5127,30125
4128,5128,113411
4129,5129,70602
4130,5130,103021
4131,5131,51077
4132,5132,48462
4133,5133,84040
4134,5134,40191
4135,5135,93020
4136,5136,111202
4137,5137,76163
4138,5138,72805
4139,5139,98496
4140,5140,72441
4141,5141,105334
4142,5142,61640
4143,5143,108137
4144,5144,30032
4145,5145,53402
4146,5146,32316
4147,5147,37034
4148,5148,37724
4149,5149,91995
4150,5150,42061
4151,5151,30644
4152,5152,62734
4153,5153,72189
4154,5154,49448
4155,5155,88530
4156,5156,115065
4157,5157,65041
4158,5158,76416
4159,5159,40336
4160,5160,49274
4161,5161,48157
4162,5162,58726
4163,5163,37601
4164,5164,47121
4165,5165,61248
4166,5166,54083
4167,5167,66935
4168,5168,112746
4169,5169,58292
4170,5170,32789
4171,5171,80291
4172,5172,74749
4173,5173,70397
4174,5174,38597
4175,5175,54780
4176,5176,41706
4177,5177,70122
4178,5178,107090
4179,5179,75385
4180,5180,78954
4181,5181,80544
4182,5182,109031
4183,5183,59760
4184,5184,116703
4185,5185,36463
4186,5186,58186
4187,5187,71377
4188,5188,59727
4189,5189,89871
4190,5190,119796
4191,5191,88193
4192,5192,107308
4193,5193,43589
4194,5194,73870
4195,5195,48217
4196,5196,32499
4197,5197,39137
4198,5198,76643
4199,5199,31064
4200,5200,55770
4201,5201,49469
4202,5202,89043
4203,5203,114321
4204,5204,46764
4205,5205,36141
4206,5206,96037
4207,5207,75274
4208,5208,97891
4209,5209,92207
4210,5210,63615
4211,5211,50230
4212,5212,106603
4213,5213,45864
4214,5214,90885
4215,5215,101912
4216,5216,74888
4217,5217,63613
4218,5218,69451
4219,5219,104280
4220,5220,91095
4221,5221,61661
4222,5222,58812
4223,5223,103730
4224,5224,75682
4225,5225,106497
4226,5226,46405
4227,5227,36212
4228,5228,47500
4229,5229,112060
4230,5230,97897
4231,5231,95122
4232,5232,81403
4233,5233,88739
4234,5234,109797
4235,5235,86741
4236,5236,116221
4237,5237,105879
4238,5238,35372
4239,5239,72243
4240,5240,66192
4241,5241,62774
4242,5242,94327
4243,5243,118394
4244,5244,58767
4245,5245,66965
4246,5246,90623
4247,5247,102670
4248,5248,99332
4249,5249,111056
4250,5250,50416
4251,5251,82356
4252,5252,45573
4253,5253,66007
4254,5254,71345
4255,5255,103055
4256,5256,52384
4257,5257,30435
4258,5258,41931
4259,5259,70336
4260,5260,52347
4261,5261,67880
4262,5262,118700
4263,5263,116474
4264,5264,68813
4265,5265,100218
4266,5266,86149
4267,5267,80262
4268,5268,56728
4269,5269,87731
4270,5270,111586
4271,5271,99950
4272,5272,31420
4273,5273,55225
4274,5274,85909
4275,5275,63156
4276,5276,103742
4277,5277,76263
4278,5278,62414
4279,5279,50997
4280,5280,73025
4281,5281,109430
4282,5282,82655
4283,5283,69439
4284,5284,82081
4285,5285,80303
4286,5286,117542
4287,5287,100267
4288,5288,47817
4289,5289,53208
4290,5290,66298
4291,5291,86750
4292,5292,103315
4293,5293,41482
4294,5294,82516
4295,5295,65683
4296,5296,89339
4297,5297,85252
4298,5298,62879
4299,5299,61930
4300,5300,86474
4301,5301,75962
4302,5302,43664
4303,5303,82209
4304,5304,95639
4305,5305,41573
4306,5306,117914
4307,5307,39642
4308,5308,49918
4309,5309,34045
4310,5310,33915
4311,5311,117438
4312,5312,115236
4313,5313,32909
4314,5314,89084
4315,5315,97630
4316,5316,59535
4317,5317,110399
4318,5318,100979
4319,5319,39968
4320,5320,99374
4321,5321,55459
4322,5322,60039
4323,5323,48720
4324,5324,55837
4325,5325,30579
4326,5326,36734
4327,5327,45972
4328,5328,107430
4329,5329,60406
4330,5330,95858
4331,5331,32669
4332,5332,85110
4333,5333,111133
4334,5334,103394
4335,5335,85649
4336,5336,52924
4337,5337,47242
4338,5338,76121
4339,5339,57502
4340,5340,85525
4341,5341,75586
4342,5342,113530
4343,5343,61611
4344,5344,108082
4345,5345,60786
4346,5346,91643
4347,5347,60757
4348,5348,30280
4349,5349,82711
4350,5350,42145
4351,5351,77567
4352,5352,115579
4353,5353,101788
4354,5354,99384
4355,5355,50524
4356,5356,76282
4357,5357,71457
4358,5358,47412
4359,5359,107559
4360,5360,111932
4361,5361,113338
4362,5362,118211
4363,5363,47816
4364,5364,69720
4365,5365,64713
4366,5366,79231
4367,5367,115957
4368,5368,113882
4369,5369,30618
4370,5370,41229
4371,5371,97086
4372,5372,85456
4373,5373,110956
4374,5374,104669
4375,5375,80391
4376,5376,83037
4377,5377,66698
4378,5378,113042
4379,5379,72667
4380,5380,93232
4381,5381,77465
4382,5382,112806
4383,5383,67689
4384,5384,38196
4385,5385,109584
4386,5386,90825
4387,5387,75335
4388,5388,96447
4389,5389,90491
4390,5390,46223
4391,5391,68553
4392,5392,52488
4393,5393,55796
4394,5394,113678
4395,5395,115108
4396,5396,48189
4397,5397,66518
4398,5398,92283
4399,5399,117885
4400,5400,110596
4401,5401,103810
4402,5402,64841
4403,5403,101666
4404,5404,30497
4405,5405,108971
4406,5406,59882
4407,5407,77168
4408,5408,44844
4409,5409,73925
4410,5410,40129
4411,5411,43902
4412,5412,113203
4413,5413,53239
4414,5414,80562
4415,5415,83699
4416,5416,39003
4417,5417,101311
4418,5418,43251
4419,5419,50637
4420,5420,79166
4421,5421,86027
4422,5422,90290
4423,5423,72389
4424,5424,50747
4425,5425,116025
4426,5426,77080
4427,5427,114745
4428,5428,56837
4429,5429,76527
4430,5430,99887
4431,5431,66258
4432,5432,89392
4433,5433,74821
4434,5434,66883
4435,5435,82822
4436,5436,37755
4437,5437,38115
4438,5438,40815
4439,5439,61492
4440,5440,89972
4441,5441,80163
4442,5442,76293
4443,5443,40381
4444,5444,38432
4445,5445,45140
4446,5446,66709
4447,5447,81074
4448,5448,91623
4449,5449,74403
4450,5450,118747
4451,5451,78377
4452,5452,32585
4453,5453,53832
4454,5454,66361
4455,5455,63553
4456,5456,91995
4457,5457,107524
4458,5458,61864
4459,5459,52553
4460,5460,116374
4461,5461,42094
4462,5462,93253
4463,5463,71796
4464,5464,63670
4465,5465,46329
4466,5466,113305
4467,5467,112172
4468,5468,86517
4469,5469,74549
4470,5470,100799
4471,5471,55685
4472,5472,101766
4473,5473,91045
4474,5474,103743
4475,5475,67999
4476,5476,98053
4477,5477,119419
4478,5478,103649
4479,5479,75540
4480,5480,88493
4481,5481,52006
4482,5482,105338
4483,5483,36389
4484,5484,79463
4485,5485,114874
4486,5486,96077
4487,5487,113811
4488,5488,96322
4489,5489,31050
4490,5490,62158
4491,5491,104579
4492,5492,54000
4493,5493,35141
4494,5494,97190
4495,5495,94872
4496,5496,59769
4497,5497,108653
4498,5498,101823
4499,5499,35186
4500,5500,78386
4501,5501,92781
4502,5502,45399
4503,5503,91237
4504,5504,49022
4505,5505,105340
4506,5506,54439
4507,5507,47392
4508,5508,55592
4509,5509,59982
4510,5510,54363
4511,5511,68393
4512,5512,80373
4513,5513,35228
4514,5514,57919
4515,5515,32613
4516,5516,63667
4517,5517,31882
4518,5518,113918
4519,5519,118800
4520,5520,30752
4521,5521,66774
4522,5522,43796
4523,5523,51014
4524,5524,110400
4525,5525,49288
4526,5526,44947
4527,5527,50781
4528,5528,86309
4529,5529,71305
4530,5530,60378
4531,5531,94230
4532,5532,33009
4533,5533,56847
4534,5534,47949
4535,5535,64428
4536,5536,78429
4537,5537,109200
4538,5538,78950
4539,5539,75774
4540,5540,94251
4541,5541,48950
4542,5542,52640
4543,5543,118304
4544,5544,104580
4545,5545,115890
4546,5546,87210
4547,5547,80429
4548,5548,49709
4549,5549,58164
4550,5550,53617
4551,5551,104706
4552,5552,55879
4553,5553,46617
4554,5554,106889
4555,5555,79547
4556,5556,89879
4557,5557,35674
4558,5558,33870
4559,5559,79843
4560,5560,78151
4561,5561,80702
4562,5562,60492
4563,5563,71050
4564,5564,30708
4565,5565,68957
4566,5566,67828
4567,5567,47621
4568,5568,87974
4569,5569,35841
4570,5570,86466
4571,5571,40194
4572,5572,38202
4573,5573,76714
4574,5574,52755
4575,5575,95434
4576,5576,109510
4577,5577,57060
4578,5578,31999
4579,5579,78660
4580,5580,100583
4581,5581,87224
4582,5582,63730
4583,5583,106662
4584,5584,88454
4585,5585,119587
4586,5586,33458
4587,5587,44600
4588,5588,114404
4589,5589,52424
4590,5590,31651
4591,5591,90909
4592,5592,74661
4593,5593,65219
4594,5594,57685
4595,5595,69417
4596,5596,77121
4597,5597,78353
4598,5598,75817
4599,5599,110128
4600,5600,118877
4601,5601,81818
4602,5602,60108
4603,5603,86906
4604,5604,115597
4605,5605,119874
4606,5606,42798
4607,5607,72428
4608,5608,108549
4609,5609,55566
4610,5610,53432
4611,5611,41205
4612,5612,89358
4613,5613,99662
4614,5614,48061
4615,5615,38949
4616,5616,69039
4617,5617,66290
4618,5618,91606
4619,5619,46144
4620,5620,75588
4621,5621,48985
4622,5622,93590
4623,5623,40285
4624,5624,43260
4625,5625,67731
4626,5626,100563
4627,5627,76635
4628,5628,97638
4629,5629,66711
4630,5630,94624
4631,5631,35279
4632,5632,35686
4633,5633,119445
4634,5634,42020
4635,5635,61019
4636,5636,92707
4637,5637,50260
4638,5638,102995
4639,5639,113024
4640,5640,112038
4641,5641,57911
4642,5642,95689
4643,5643,81697
4644,5644,69889
4645,5645,71308
4646,5646,55578
4647,5647,59089
4648,5648,83843
4649,5649,70446
4650,5650,57555
4651,5651,113983
4652,5652,98438
4653,5653,105631
4654,5654,100726
4655,5655,74953
4656,5656,107075
4657,5657,107095
4658,5658,119024
4659,5659,87149
4660,5660,62793
4661,5661,96455
4662,5662,48117
4663,5663,77695
4664,5664,78664
4665,5665,58479
4666,5666,66985
4667,5667,104436
4668,5668,82062
4669,5669,51460
4670,5670,101167
4671,5671,58148
4672,5672,49393
4673,5673,114558
4674,5674,94264
4675,5675,115514
4676,5676,39233
4677,5677,38415
4678,5678,96579
4679,5679,78014
4680,5680,98746
4681,5681,51964
4682,5682,61900
4683,5683,59269
4684,5684,108268
4685,5685,57332
4686,5686,82437
4687,5687,115596
4688,5688,116432
4689,5689,87150
4690,5690,99270
4691,5691,46200
4692,5692,77328
4693,5693,52915
4694,5694,81352
4695,5695,52866
4696,5696,58282
4697,5697,43823
4698,5698,72917
4699,5699,62760
4700,5700,57041
4701,5701,43137
4702,5702,108555
4703,5703,73070
4704,5704,93420
4705,5705,93392
4706,5706,41716
4707,5707,105733
4708,5708,65780
4709,5709,60259
4710,5710,119877
4711,5711,69148
4712,5712,107453
4713,5713,98065
4714,5714,90239
4715,5715,31200
4716,5716,59026
4717,5717,111392
4718,5718,50653
4719,5719,116611
4720,5720,60479
4721,5721,65925
4722,5722,105489
4723,5723,63097
4724,5724,115805
4725,5725,31349
4726,5726,49663
4727,5727,63030
4728,5728,81192
4729,5729,116901
4730,5730,117399
4731,5731,40909
4732,5732,110981
4733,5733,96099
4734,5734,107546
4735,5735,99712
4736,5736,44309
4737,5737,76213
4738,5738,58738
4739,5739,35714
4740,5740,101155
4741,5741,79748
4742,5742,100271
4743,5743,39515
4744,5744,95238
4745,5745,56554
4746,5746,44970
4747,5747,100678
4748,5748,36875
4749,5749,71038
4750,5750,116315
4751,5751,78693
4752,5752,75032
4753,5753,96779
4754,5754,116161
4755,5755,104100
4756,5756,46239
4757,5757,43248
4758,5758,102721
4759,5759,72457
4760,5760,101688
4761,5761,100835
4762,5762,69568
4763,5763,94736
4764,5764,37938
4765,5765,116479
4766,5766,119531
4767,5767,46642
4768,5768,111362
4769,5769,118211
4770,5770,92222
4771,5771,90555
4772,5772,85512
4773,5773,57271
4774,5774,30901
4775,5775,113946
4776,5776,59737
4777,5777,112042
4778,5778,39682
4779,5779,79950
4780,5780,105542
4781,5781,78207
4782,5782,119932
4783,5783,102592
4784,5784,50086
4785,5785,63757
4786,5786,34068
4787,5787,68653
4788,5788,75414
4789,5789,96864
4790,5790,105477
4791,5791,32122
4792,5792,33155
4793,5793,82176
4794,5794,103706
4795,5795,116172
4796,5796,50987
4797,5797,88345
4798,5798,56084
4799,5799,115477
4800,5800,63830
4801,5801,71032
4802,5802,70779
4803,5803,82860
4804,5804,114676
4805,5805,38752
4806,5806,37309
4807,5807,30508
4808,5808,31691
4809,5809,99182
4810,5810,42779
4811,5811,47556
4812,5812,84728
4813,5813,64699
4814,5814,45479
4815,5815,83734
4816,5816,37057
4817,5817,109776
4818,5818,96698
4819,5819,83852
4820,5820,107530
4821,5821,62859
4822,5822,44572
4823,5823,85852
4824,5824,54332
4825,5825,85442
4826,5826,40093
4827,5827,38232
4828,5828,44708
4829,5829,34901
4830,5830,118638
4831,5831,88441
4832,5832,110324
4833,5833,45207
4834,5834,118357
4835,5835,52216
4836,5836,31628
4837,5837,90304
4838,5838,64316
4839,5839,61008
4840,5840,42366
4841,5841,33906
4842,5842,101864
4843,5843,81124
4844,5844,67450
4845,5845,60513
4846,5846,91848
4847,5847,119639
4848,5848,46883
4849,5849,111551
4850,5850,40754
4851,5851,106817
4852,5852,65659
4853,5853,94674
4854,5854,41823
4855,5855,60191
4856,5856,48597
4857,5857,42775
4858,5858,88994
4859,5859,82940
4860,5860,73377
4861,5861,76497
4862,5862,106244
4863,5863,110033
4864,5864,93941
4865,5865,77087
4866,5866,38628
4867,5867,74663
4868,5868,103509
4869,5869,62361
4870,5870,97567
4871,5871,47057
4872,5872,33112
4873,5873,100961
4874,5874,52016
4875,5875,81400
4876,5876,39172
4877,5877,101443
4878,5878,113351
4879,5879,106099
4880,5880,65028
4881,5881,106641
4882,5882,92465
4883,5883,34098
4884,5884,97023
4885,5885,54574
4886,5886,69737
4887,5887,53574
4888,5888,101157
4889,5889,57247
4890,5890,36896
4891,5891,39320
4892,5892,110948
4893,5893,49299
4894,5894,68475
4895,5895,46133
4896,5896,58771
4897,5897,81224
4898,5898,68534
4899,5899,64061
4900,5900,81347
4901,5901,49823
4902,5902,106567
4903,5903,84719
4904,5904,109582
4905,5905,111443
4906,5906,46972
4907,5907,49608
4908,5908,79074
4909,5909,42834
4910,5910,38764
4911,5911,41926
4912,5912,54123
4913,5913,46643
4914,5914,50876
4915,5915,115966
4916,5916,98711
4917,5917,104094
4918,5918,78639
4919,5919,61637
4920,5920,56793
4921,5921,54112
4922,5922,95062
4923,5923,96726
4924,5924,50893
4925,5925,61853
4926,5926,66462
4927,5927,66335
4928,5928,75524
4929,5929,68353
4930,5930,55787
4931,5931,114798
4932,5932,30430
4933,5933,79654
4934,5934,45057
4935,5935,81469
4936,5936,58059
4937,5937,113679
4938,5938,105044
4939,5939,55148
4940,5940,112499
4941,5941,118695
4942,5942,98201
4943,5943,86829
4944,5944,75974
4945,5945,117180
4946,5946,115945
4947,5947,70726
4948,5948,62459
4949,5949,30430
4950,5950,51191
4951,5951,32276
4952,5952,35770
4953,5953,95523
4954,5954,59768
4955,5955,61082
4956,5956,45676
4957,5957,45395
4958,5958,36548
4959,5959,59465
4960,5960,112643
4961,5961,94570
4962,5962,78482
4963,5963,57713
4964,5964,118249
4965,5965,100928
4966,5966,37362
4967,5967,105282
4968,5968,89487
4969,5969,109748
4970,5970,93610
4971,5971,60826
4972,5972,110934
4973,5973,65588
4974,5974,111620
4975,5975,47623
4976,5976,98315
4977,5977,41922
4978,5978,112085
4979,5979,38625
4980,5980,34538
4981,5981,31029
4982,5982,79194
4983,5983,69347
4984,5984,73361
4985,5985,118240
4986,5986,107491
4987,5987,30072
4988,5988,96843
4989,5989,47948
4990,5990,75960
4991,5991,107174
4992,5992,119104
4993,5993,62748
4994,5994,34503
4995,5995,106852
4996,5996,61760
4997,5997,109608
4998,5998,119912
4999,5999,61494
5000,6000,38160
