faculty_id,internal_certification,external_certification
1001,4,1
1002,0,3
1003,0,3
1004,2,2
1005,4,2
1006,0,0
1007,5,2
1008,1,1
1009,1,1
1010,5,0
1011,2,4
1012,3,4
1013,1,2
1014,1,3
1015,2,4
1016,1,1
1017,2,1
1018,5,0
1019,1,3
1020,4,2
1021,1,5
1022,3,3
1023,3,4
1024,1,3
1025,0,0
1026,4,3
1027,4,4
1028,0,0
1029,0,1
1030,4,1
1031,3,2
1032,1,3
1033,5,0
1034,1,0
1035,3,4
1036,3,3
1037,4,3
1038,4,5
1039,1,4
1040,2,0
1041,0,5
1042,4,5
1043,1,3
1044,4,0
1045,2,4
1046,0,1
1047,4,2
1048,3,2
1049,1,2
1050,1,3
1051,5,5
1052,4,3
1053,3,1
1054,5,5
1055,4,2
1056,4,1
1057,5,4
1058,5,2
1059,0,5
1060,5,5
1061,2,2
1062,4,4
1063,3,1
1064,4,1
1065,0,3
1066,5,1
1067,4,3
1068,1,1
1069,1,2
1070,4,2
1071,4,2
1072,2,4
1073,5,2
1074,3,5
1075,1,2
1076,5,5
1077,5,1
1078,5,2
1079,0,1
1080,5,0
1081,3,4
1082,4,0
1083,0,2
1084,4,2
1085,2,0
1086,0,0
1087,1,0
1088,2,5
1089,3,0
1090,2,5
1091,1,1
1092,4,5
1093,5,3
1094,1,3
1095,2,5
1096,3,5
1097,5,1
1098,5,4
1099,4,4
1100,3,5
1101,3,4
1102,2,4
1103,5,2
1104,3,1
1105,0,1
1106,4,4
1107,3,3
1108,1,3
1109,3,4
1110,1,0
1111,0,2
1112,0,1
1113,4,4
1114,4,4
1115,2,0
1116,4,2
1117,2,5
1118,0,2
1119,5,2
1120,2,4
1121,4,0
1122,3,0
1123,5,2
1124,4,3
1125,1,4
1126,0,2
1127,2,1
1128,4,5
1129,4,4
1130,2,2
1131,5,2
1132,4,4
1133,1,3
1134,3,4
1135,2,2
1136,2,3
1137,1,1
1138,1,4
1139,3,1
1140,0,5
1141,4,0
1142,1,2
1143,5,0
1144,0,2
1145,3,0
1146,1,5
1147,2,4
1148,0,5
1149,2,3
1150,4,5
1151,4,4
1152,5,3
1153,3,3
1154,5,4
1155,1,5
1156,0,4
1157,4,0
1158,3,4
1159,5,5
1160,2,3
1161,0,1
1162,1,0
1163,1,4
1164,4,2
1165,5,0
1166,5,2
1167,1,3
1168,2,2
1169,0,4
1170,3,2
1171,2,0
1172,1,0
1173,2,3
1174,2,2
1175,2,5
1176,2,1
1177,2,3
1178,2,1
1179,5,3
1180,3,0
1181,4,0
1182,4,5
1183,2,5
1184,1,2
1185,5,1
1186,5,1
1187,5,1
1188,4,0
1189,0,5
1190,2,5
1191,4,2
1192,5,3
1193,0,4
1194,1,5
1195,4,1
1196,2,2
1197,5,1
1198,1,1
1199,0,3
1200,4,3
1201,1,1
1202,4,2
1203,5,5
1204,0,0
1205,4,0
1206,3,1
1207,5,3
1208,5,5
1209,1,0
1210,4,4
1211,0,1
1212,0,0
1213,2,3
1214,1,4
1215,1,3
1216,5,5
1217,1,2
1218,3,2
1219,5,0
1220,5,0
1221,1,0
1222,4,5
1223,3,0
1224,0,0
1225,4,3
1226,2,0
1227,1,4
1228,2,0
1229,3,4
1230,4,1
1231,5,5
1232,5,5
1233,3,1
1234,2,3
1235,4,5
1236,2,2
1237,0,2
1238,1,3
1239,1,1
1240,5,5
1241,0,3
1242,2,5
1243,1,1
1244,0,2
1245,5,1
1246,1,0
1247,0,1
1248,2,5
1249,4,0
1250,5,4
1251,1,5
1252,1,5
1253,0,4
1254,1,4
1255,4,4
1256,0,5
1257,0,4
1258,4,3
1259,0,1
1260,4,1
1261,1,4
1262,0,1
1263,5,0
1264,5,3
1265,2,4
1266,5,4
1267,2,5
1268,2,5
1269,4,3
1270,4,5
1271,3,5
1272,5,1
1273,2,5
1274,5,5
1275,2,4
1276,2,4
1277,3,1
1278,0,1
1279,5,2
1280,5,1
1281,5,3
1282,0,5
1283,3,4
1284,2,0
1285,1,3
1286,2,4
1287,4,0
1288,3,0
1289,5,0
1290,4,5
1291,2,5
1292,5,1
1293,3,4
1294,2,2
1295,0,5
1296,0,3
1297,4,1
1298,3,2
1299,3,4
1300,2,1
1301,4,4
1302,3,4
1303,5,0
1304,5,3
1305,1,4
1306,3,0
1307,0,1
1308,3,3
1309,1,5
1310,2,5
1311,1,5
1312,4,5
1313,3,4
1314,2,5
1315,1,1
1316,1,0
1317,1,4
1318,0,5
1319,0,4
1320,4,3
1321,5,3
1322,1,2
1323,1,3
1324,2,3
1325,4,5
1326,3,5
1327,4,4
1328,2,0
1329,1,5
1330,0,1
1331,3,1
1332,2,0
1333,4,4
1334,2,1
1335,0,3
1336,5,1
1337,1,2
1338,0,3
1339,1,1
1340,0,0
1341,0,5
1342,3,2
1343,1,3
1344,1,2
1345,3,3
1346,3,0
1347,0,0
1348,4,2
1349,1,3
1350,5,5
1351,2,0
1352,2,2
1353,5,1
1354,3,3
1355,4,3
1356,0,0
1357,3,4
1358,5,1
1359,4,2
1360,1,1
1361,2,1
1362,4,0
1363,0,5
1364,1,1
1365,5,5
1366,0,0
1367,2,0
1368,4,4
1369,4,5
1370,0,3
1371,3,4
1372,2,1
1373,3,4
1374,1,4
1375,5,1
1376,5,1
1377,1,3
1378,5,5
1379,2,3
1380,2,3
1381,3,5
1382,0,2
1383,1,5
1384,3,4
1385,3,4
1386,3,3
1387,5,2
1388,3,5
1389,3,5
1390,4,3
1391,3,0
1392,0,5
1393,1,5
1394,1,3
1395,2,2
1396,1,2
1397,3,3
1398,3,2
1399,5,5
1400,1,2
1401,2,3
1402,5,0
1403,5,4
1404,4,2
1405,5,2
1406,1,2
1407,1,4
1408,2,5
1409,5,3
1410,2,1
1411,4,4
1412,1,5
1413,5,0
1414,1,2
1415,4,3
1416,0,5
1417,3,4
1418,2,3
1419,2,1
1420,1,1
1421,4,4
1422,0,3
1423,2,0
1424,2,0
1425,5,4
1426,4,3
1427,5,2
1428,1,1
1429,0,1
1430,5,4
1431,5,4
1432,4,3
1433,2,3
1434,4,4
1435,5,2
1436,2,4
1437,3,2
1438,5,1
1439,2,5
1440,3,3
1441,1,4
1442,2,3
1443,0,5
1444,1,1
1445,2,2
1446,2,3
1447,0,1
1448,2,2
1449,1,0
1450,5,5
1451,0,2
1452,2,3
1453,0,4
1454,5,5
1455,0,5
1456,3,2
1457,2,4
1458,3,3
1459,1,2
1460,3,4
1461,1,2
1462,3,5
1463,0,5
1464,4,2
1465,4,4
1466,3,0
1467,0,1
1468,5,3
1469,0,4
1470,4,2
1471,5,4
1472,5,5
1473,2,3
1474,3,5
1475,5,3
1476,1,0
1477,4,5
1478,4,3
1479,1,3
1480,5,1
1481,4,0
1482,4,3
1483,0,0
1484,1,0
1485,1,4
1486,3,5
1487,5,2
1488,5,4
1489,3,5
1490,4,5
1491,1,2
1492,5,2
1493,3,5
1494,4,3
1495,1,3
1496,5,0
1497,3,2
1498,5,5
1499,5,1
1500,1,2
1501,1,1
1502,5,3
1503,2,2
1504,1,4
1505,2,4
1506,3,4
1507,1,4
1508,0,1
1509,5,4
1510,0,1
1511,5,3
1512,4,5
1513,0,0
1514,1,0
1515,2,5
1516,4,5
1517,4,5
1518,0,4
1519,2,1
1520,0,2
1521,1,5
1522,4,0
1523,4,5
1524,0,0
1525,2,5
1526,0,5
1527,3,2
1528,3,2
1529,1,5
1530,3,3
1531,2,2
1532,5,5
1533,1,2
1534,5,2
1535,2,2
1536,0,1
1537,2,1
1538,3,0
1539,5,3
1540,2,5
1541,4,3
1542,0,2
1543,2,5
1544,4,0
1545,2,2
1546,3,3
1547,1,3
1548,1,1
1549,0,0
1550,0,5
1551,3,2
1552,4,2
1553,1,5
1554,4,5
1555,0,2
1556,0,2
1557,2,4
1558,1,1
1559,1,1
1560,2,3
1561,3,0
1562,4,5
1563,1,3
1564,2,5
1565,0,4
1566,2,1
1567,5,0
1568,1,4
1569,4,5
1570,1,4
1571,4,1
1572,5,4
1573,2,1
1574,0,1
1575,3,4
1576,4,4
1577,5,1
1578,2,3
1579,1,4
1580,2,3
1581,2,3
1582,3,0
1583,2,4
1584,5,3
1585,0,2
1586,5,3
1587,5,3
1588,3,2
1589,3,1
1590,3,0
1591,0,0
1592,3,0
1593,1,1
1594,3,2
1595,3,2
1596,5,4
1597,5,0
1598,4,4
1599,5,2
1600,2,3
1601,1,0
1602,0,3
1603,5,0
1604,2,0
1605,5,4
1606,1,0
1607,4,0
1608,3,2
1609,4,5
1610,3,5
1611,0,5
1612,4,1
1613,4,2
1614,2,0
1615,1,4
1616,2,0
1617,0,1
1618,2,3
1619,5,0
1620,5,3
1621,0,1
1622,5,5
1623,4,5
1624,1,4
1625,3,1
1626,4,2
1627,4,2
1628,5,0
1629,5,4
1630,5,4
1631,0,2
1632,0,2
1633,3,3
1634,4,3
1635,3,1
1636,2,3
1637,2,2
1638,2,5
1639,3,5
1640,2,4
1641,0,0
1642,5,2
1643,0,3
1644,3,4
1645,4,0
1646,1,3
1647,4,3
1648,3,4
1649,4,2
1650,5,3
1651,0,1
1652,3,3
1653,4,3
1654,3,2
1655,0,0
1656,2,3
1657,3,5
1658,2,0
1659,2,3
1660,2,1
1661,5,1
1662,2,0
1663,5,3
1664,1,5
1665,2,3
1666,3,5
1667,0,4
1668,4,0
1669,2,0
1670,4,1
1671,0,3
1672,2,5
1673,1,0
1674,5,5
1675,1,2
1676,3,5
1677,4,5
1678,4,0
1679,0,0
1680,4,3
1681,1,4
1682,0,5
1683,5,1
1684,2,0
1685,1,1
1686,0,1
1687,3,1
1688,1,5
1689,1,0
1690,1,3
1691,1,4
1692,2,1
1693,2,5
1694,1,1
1695,5,3
1696,0,3
1697,5,5
1698,2,1
1699,0,4
1700,5,0
1701,3,0
1702,1,4
1703,4,5
1704,2,3
1705,1,4
1706,1,3
1707,5,1
1708,3,3
1709,4,4
1710,0,3
1711,3,4
1712,5,1
1713,3,3
1714,4,1
1715,4,2
1716,1,0
1717,0,1
1718,4,4
1719,3,0
1720,2,3
1721,1,0
1722,0,3
1723,3,4
1724,4,4
1725,1,4
1726,4,3
1727,1,1
1728,0,2
1729,3,0
1730,1,5
1731,2,3
1732,4,0
1733,2,4
1734,0,3
1735,3,0
1736,0,5
1737,1,5
1738,5,3
1739,2,0
1740,5,0
1741,0,3
1742,1,4
1743,3,0
1744,1,5
1745,3,1
1746,3,0
1747,3,2
1748,0,1
1749,2,3
1750,0,3
1751,3,4
1752,2,2
1753,4,2
1754,4,5
1755,0,4
1756,3,2
1757,4,3
1758,4,2
1759,4,5
1760,3,5
1761,4,5
1762,3,1
1763,0,0
1764,3,4
1765,3,4
1766,2,0
1767,1,4
1768,4,1
1769,3,4
1770,4,5
1771,3,3
1772,3,1
1773,5,5
1774,1,0
1775,2,5
1776,5,5
1777,3,5
1778,4,4
1779,2,1
1780,1,1
1781,3,4
1782,1,2
1783,2,3
1784,1,4
1785,3,2
1786,0,2
1787,1,2
1788,0,3
1789,0,2
1790,0,4
1791,1,0
1792,3,5
1793,2,3
1794,3,2
1795,3,2
1796,3,1
1797,0,4
1798,1,4
1799,5,2
1800,5,0
1801,1,5
1802,5,3
1803,5,0
1804,2,4
1805,1,2
1806,0,3
1807,1,3
1808,0,3
1809,5,3
1810,2,2
1811,3,0
1812,1,3
1813,2,1
1814,5,1
1815,2,0
1816,5,0
1817,3,2
1818,2,1
1819,3,2
1820,1,2
1821,5,0
1822,1,3
1823,0,1
1824,5,2
1825,2,1
1826,5,1
1827,3,1
1828,2,1
1829,4,3
1830,4,3
1831,2,4
1832,2,0
1833,2,3
1834,2,5
1835,2,1
1836,5,4
1837,0,0
1838,2,2
1839,5,3
1840,3,4
1841,1,3
1842,5,0
1843,4,0
1844,5,0
1845,5,3
1846,4,1
1847,1,4
1848,0,0
1849,2,2
1850,1,0
1851,1,1
1852,1,5
1853,0,4
1854,5,5
1855,1,0
1856,4,3
1857,3,1
1858,5,0
1859,0,4
1860,1,4
1861,0,3
1862,1,0
1863,5,2
1864,4,4
1865,1,2
1866,0,4
1867,3,1
1868,4,3
1869,4,3
1870,0,4
1871,1,3
1872,3,4
1873,2,3
1874,4,2
1875,2,2
1876,3,0
1877,2,1
1878,2,2
1879,4,5
1880,0,5
1881,3,0
1882,3,4
1883,4,3
1884,2,5
1885,5,0
1886,1,2
1887,3,5
1888,1,0
1889,1,3
1890,4,1
1891,4,2
1892,3,2
1893,4,5
1894,0,3
1895,1,2
1896,3,1
1897,2,5
1898,2,4
1899,0,3
1900,1,0
1901,5,0
1902,2,0
1903,0,2
1904,1,4
1905,4,3
1906,4,3
1907,4,5
1908,0,4
1909,3,1
1910,2,2
1911,3,0
1912,0,4
1913,1,2
1914,2,4
1915,2,3
1916,3,5
1917,5,3
1918,5,5
1919,5,3
1920,5,1
1921,0,5
1922,3,1
1923,0,5
1924,5,3
1925,3,0
1926,2,1
1927,0,1
1928,1,0
1929,5,1
1930,2,1
1931,2,1
1932,3,2
1933,2,2
1934,1,4
1935,2,0
1936,3,5
1937,4,0
1938,0,4
1939,5,2
1940,2,1
1941,3,0
1942,0,4
1943,5,0
1944,1,4
1945,2,2
1946,1,3
1947,2,3
1948,0,0
1949,1,4
1950,3,0
1951,0,1
1952,4,5
1953,0,1
1954,0,4
1955,5,3
1956,5,3
1957,1,5
1958,3,4
1959,4,0
1960,4,2
1961,5,3
1962,0,0
1963,5,5
1964,0,2
1965,0,4
1966,0,1
1967,2,1
1968,3,2
1969,2,2
1970,5,1
1971,0,4
1972,4,5
1973,5,0
1974,4,4
1975,1,2
1976,0,4
1977,2,2
1978,3,4
1979,5,0
1980,4,1
1981,4,4
1982,0,4
1983,3,5
1984,1,1
1985,0,0
1986,3,1
1987,2,0
1988,0,3
1989,2,2
1990,2,4
1991,1,4
1992,1,3
1993,0,0
1994,5,2
1995,4,3
1996,4,1
1997,5,1
1998,2,0
1999,1,5
2000,5,1
2001,5,5
2002,0,3
2003,2,2
2004,0,5
2005,5,5
2006,2,5
2007,1,0
2008,1,4
2009,3,4
2010,1,4
2011,4,0
2012,0,4
2013,5,5
2014,3,3
2015,3,0
2016,5,4
2017,5,2
2018,2,5
2019,0,1
2020,5,4
2021,2,0
2022,3,3
2023,5,2
2024,3,4
2025,5,4
2026,0,2
2027,2,1
2028,1,3
2029,1,3
2030,1,3
2031,3,5
2032,0,2
2033,2,3
2034,1,1
2035,2,3
2036,5,3
2037,2,2
2038,5,1
2039,3,5
2040,3,0
2041,0,2
2042,2,4
2043,2,3
2044,1,3
2045,5,5
2046,3,3
2047,2,5
2048,2,1
2049,1,2
2050,4,4
2051,4,4
2052,5,0
2053,0,1
2054,5,5
2055,3,1
2056,4,3
2057,2,1
2058,3,0
2059,4,2
2060,3,3
2061,2,1
2062,4,3
2063,5,4
2064,0,4
2065,1,4
2066,4,5
2067,2,0
2068,2,0
2069,4,3
2070,1,3
2071,4,5
2072,1,3
2073,1,2
2074,0,5
2075,2,5
2076,0,0
2077,4,4
2078,4,0
2079,4,0
2080,2,3
2081,5,5
2082,0,4
2083,4,4
2084,3,2
2085,5,4
2086,1,0
2087,3,1
2088,2,3
2089,3,5
2090,4,2
2091,1,2
2092,5,4
2093,4,0
2094,4,0
2095,5,2
2096,0,1
2097,0,1
2098,2,4
2099,5,1
2100,4,3
2101,5,3
2102,0,4
2103,2,4
2104,4,3
2105,3,5
2106,0,2
2107,0,2
2108,1,0
2109,4,5
2110,1,1
2111,3,4
2112,3,3
2113,5,3
2114,2,1
2115,0,1
2116,3,3
2117,3,2
2118,5,0
2119,3,2
2120,4,5
2121,3,4
2122,5,5
2123,2,1
2124,5,3
2125,2,3
2126,3,0
2127,3,1
2128,4,2
2129,2,1
2130,4,5
2131,3,1
2132,0,5
2133,5,5
2134,5,3
2135,1,0
2136,1,2
2137,2,3
2138,3,2
2139,5,0
2140,1,5
2141,3,2
2142,0,0
2143,1,3
2144,0,3
2145,2,0
2146,5,3
2147,0,1
2148,2,0
2149,2,2
2150,0,2
2151,0,1
2152,1,2
2153,3,4
2154,0,4
2155,5,2
2156,0,1
2157,5,2
2158,1,4
2159,1,0
2160,2,1
2161,3,5
2162,5,4
2163,4,5
2164,1,5
2165,3,5
2166,0,0
2167,5,1
2168,4,5
2169,2,0
2170,0,3
2171,1,4
2172,4,2
2173,3,0
2174,2,2
2175,0,3
2176,1,1
2177,0,3
2178,5,3
2179,2,2
2180,1,4
2181,4,1
2182,4,1
2183,5,1
2184,2,1
2185,1,5
2186,4,2
2187,3,5
2188,3,5
2189,3,1
2190,5,5
2191,4,0
2192,5,1
2193,4,2
2194,3,5
2195,0,4
2196,0,2
2197,3,1
2198,0,3
2199,3,5
2200,4,2
2201,1,3
2202,1,1
2203,0,5
2204,3,4
2205,5,2
2206,4,2
2207,4,4
2208,5,1
2209,1,2
2210,4,3
2211,0,5
2212,3,4
2213,0,2
2214,3,1
2215,0,2
2216,0,5
2217,4,4
2218,1,2
2219,2,5
2220,0,4
2221,3,4
2222,5,4
2223,4,0
2224,1,2
2225,3,2
2226,2,5
2227,4,4
2228,2,0
2229,5,0
2230,2,0
2231,1,2
2232,4,2
2233,3,0
2234,1,1
2235,5,1
2236,5,0
2237,5,5
2238,1,0
2239,3,0
2240,4,3
2241,4,0
2242,1,2
2243,2,0
2244,3,0
2245,0,5
2246,0,5
2247,5,0
2248,3,4
2249,5,1
2250,4,5
2251,1,3
2252,1,1
2253,1,2
2254,5,0
2255,4,4
2256,2,3
2257,4,3
2258,5,3
2259,4,0
2260,4,0
2261,0,4
2262,1,5
2263,4,3
2264,2,1
2265,3,3
2266,4,4
2267,0,0
2268,3,0
2269,5,2
2270,0,1
2271,5,5
2272,0,5
2273,1,5
2274,2,1
2275,1,1
2276,2,5
2277,2,5
2278,2,0
2279,5,4
2280,4,4
2281,0,5
2282,0,0
2283,5,4
2284,4,3
2285,4,2
2286,0,3
2287,4,4
2288,1,1
2289,5,1
2290,0,4
2291,4,4
2292,3,2
2293,3,1
2294,4,1
2295,4,5
2296,0,4
2297,2,1
2298,2,4
2299,3,5
2300,1,5
2301,2,4
2302,3,2
2303,2,4
2304,0,1
2305,0,2
2306,1,4
2307,5,1
2308,2,5
2309,1,2
2310,5,2
2311,5,5
2312,2,3
2313,2,4
2314,2,0
2315,1,1
2316,1,3
2317,0,3
2318,3,3
2319,5,2
2320,1,5
2321,1,0
2322,0,3
2323,0,3
2324,2,2
2325,5,0
2326,2,4
2327,3,1
2328,2,5
2329,5,2
2330,4,4
2331,4,4
2332,1,2
2333,3,0
2334,4,5
2335,4,1
2336,3,2
2337,5,5
2338,2,4
2339,0,3
2340,2,3
2341,5,1
2342,1,2
2343,4,4
2344,0,0
2345,5,2
2346,5,3
2347,2,1
2348,2,1
2349,2,0
2350,2,4
2351,2,5
2352,2,3
2353,4,5
2354,1,5
2355,3,2
2356,2,0
2357,5,1
2358,0,5
2359,1,2
2360,1,3
2361,2,0
2362,5,0
2363,0,1
2364,2,2
2365,0,4
2366,2,2
2367,0,3
2368,2,0
2369,3,0
2370,0,5
2371,0,5
2372,3,0
2373,1,5
2374,3,5
2375,5,2
2376,2,5
2377,3,1
2378,5,5
2379,4,2
2380,4,3
2381,2,2
2382,2,3
2383,1,5
2384,4,4
2385,1,5
2386,5,1
2387,1,0
2388,3,4
2389,2,4
2390,3,1
2391,2,1
2392,0,5
2393,4,2
2394,3,0
2395,2,1
2396,3,5
2397,3,1
2398,4,0
2399,0,4
2400,1,2
2401,1,3
2402,1,1
2403,3,1
2404,0,3
2405,3,1
2406,4,1
2407,0,2
2408,0,0
2409,3,1
2410,5,0
2411,0,5
2412,4,1
2413,4,5
2414,1,3
2415,0,1
2416,0,4
2417,1,2
2418,4,5
2419,4,2
2420,2,5
2421,1,1
2422,2,0
2423,4,5
2424,0,3
2425,1,2
2426,3,3
2427,5,4
2428,4,2
2429,4,1
2430,1,1
2431,2,0
2432,0,3
2433,5,3
2434,2,5
2435,4,4
2436,0,5
2437,5,3
2438,5,0
2439,2,2
2440,4,1
2441,5,3
2442,5,5
2443,4,5
2444,5,2
2445,2,5
2446,5,5
2447,3,1
2448,4,1
2449,4,1
2450,0,3
2451,1,4
2452,0,2
2453,3,1
2454,2,2
2455,2,0
2456,0,3
2457,4,3
2458,5,1
2459,2,2
2460,3,3
2461,2,0
2462,1,2
2463,2,4
2464,0,3
2465,2,5
2466,1,2
2467,0,2
2468,2,3
2469,3,2
2470,0,3
2471,1,3
2472,2,3
2473,1,1
2474,1,2
2475,3,1
2476,4,0
2477,5,4
2478,5,1
2479,5,2
2480,1,2
2481,3,5
2482,3,2
2483,4,1
2484,3,4
2485,3,4
2486,3,4
2487,5,3
2488,1,5
2489,5,0
2490,1,2
2491,2,0
2492,2,0
2493,1,1
2494,0,4
2495,3,3
2496,3,5
2497,3,3
2498,1,0
2499,3,2
2500,1,2
2501,5,5
2502,4,2
2503,1,0
2504,3,5
2505,4,0
2506,4,5
2507,1,0
2508,4,2
2509,0,5
2510,5,2
2511,1,0
2512,2,5
2513,3,3
2514,2,5
2515,0,1
2516,2,2
2517,1,3
2518,0,5
2519,2,3
2520,2,3
2521,5,5
2522,3,5
2523,1,1
2524,4,0
2525,2,0
2526,4,5
2527,1,5
2528,0,4
2529,2,1
2530,5,4
2531,1,3
2532,3,2
2533,5,4
2534,0,4
2535,2,0
2536,2,4
2537,1,1
2538,1,2
2539,1,3
2540,2,0
2541,1,5
2542,1,0
2543,2,1
2544,2,4
2545,3,2
2546,1,1
2547,2,3
2548,1,3
2549,3,1
2550,1,2
2551,3,2
2552,4,2
2553,1,2
2554,2,3
2555,0,0
2556,0,2
2557,4,1
2558,0,4
2559,3,0
2560,1,5
2561,3,5
2562,0,5
2563,4,4
2564,2,1
2565,3,4
2566,4,3
2567,3,1
2568,0,5
2569,3,1
2570,0,3
2571,1,2
2572,2,3
2573,4,2
2574,5,3
2575,1,2
2576,5,5
2577,2,2
2578,2,1
2579,2,3
2580,0,5
2581,3,3
2582,1,3
2583,5,5
2584,1,1
2585,2,0
2586,2,4
2587,3,4
2588,5,2
2589,4,0
2590,1,5
2591,4,2
2592,1,5
2593,5,4
2594,3,1
2595,0,5
2596,1,5
2597,0,5
2598,0,1
2599,5,0
2600,0,3
2601,3,0
2602,0,0
2603,0,2
2604,1,3
2605,5,0
2606,2,4
2607,3,0
2608,0,1
2609,2,4
2610,4,4
2611,3,1
2612,0,4
2613,4,5
2614,5,5
2615,4,0
2616,5,1
2617,5,2
2618,1,3
2619,3,1
2620,2,0
2621,1,3
2622,2,0
2623,5,5
2624,4,4
2625,1,4
2626,3,5
2627,3,3
2628,4,3
2629,4,0
2630,2,5
2631,4,0
2632,1,4
2633,0,1
2634,1,1
2635,5,1
2636,1,5
2637,2,5
2638,0,2
2639,1,1
2640,5,1
2641,4,1
2642,0,1
2643,1,3
2644,1,1
2645,3,1
2646,4,0
2647,2,5
2648,0,5
2649,3,1
2650,0,3
2651,0,3
2652,2,4
2653,1,0
2654,4,0
2655,5,4
2656,2,2
2657,5,5
2658,1,1
2659,0,4
2660,3,5
2661,3,4
2662,4,1
2663,1,3
2664,3,2
2665,2,1
2666,1,1
2667,3,1
2668,3,0
2669,3,4
2670,1,2
2671,5,1
2672,4,0
2673,5,5
2674,2,3
2675,2,4
2676,1,0
2677,3,3
2678,4,1
2679,2,0
2680,5,0
2681,4,1
2682,0,3
2683,1,1
2684,3,0
2685,3,3
2686,3,3
2687,4,2
2688,3,1
2689,1,4
2690,4,4
2691,5,2
2692,5,5
2693,5,1
2694,2,5
2695,2,3
2696,4,0
2697,2,4
2698,4,5
2699,4,3
2700,2,2
2701,1,2
2702,1,2
2703,5,4
2704,2,4
2705,2,0
2706,2,5
2707,1,3
2708,1,2
2709,2,5
2710,3,5
2711,0,4
2712,1,2
2713,0,3
2714,4,4
2715,1,3
2716,2,5
2717,2,3
2718,3,2
2719,5,0
2720,3,3
2721,2,0
2722,1,0
2723,0,4
2724,3,1
2725,0,1
2726,5,4
2727,5,0
2728,4,4
2729,0,3
2730,1,5
2731,3,0
2732,4,5
2733,5,0
2734,3,4
2735,0,4
2736,5,3
2737,3,4
2738,3,0
2739,1,0
2740,4,3
2741,2,1
2742,5,5
2743,3,3
2744,0,3
2745,4,2
2746,3,0
2747,1,4
2748,5,0
2749,2,5
2750,4,1
2751,2,5
2752,5,1
2753,1,3
2754,5,5
2755,2,1
2756,5,4
2757,1,0
2758,2,5
2759,0,4
2760,5,0
2761,3,5
2762,0,3
2763,0,4
2764,5,0
2765,5,3
2766,1,2
2767,0,2
2768,1,3
2769,2,0
2770,0,1
2771,2,0
2772,0,5
2773,4,3
2774,4,4
2775,3,5
2776,5,0
2777,0,2
2778,0,0
2779,2,1
2780,1,5
2781,1,1
2782,3,4
2783,1,2
2784,0,0
2785,1,0
2786,1,0
2787,5,3
2788,4,1
2789,3,0
2790,1,3
2791,4,1
2792,2,0
2793,0,3
2794,4,5
2795,3,2
2796,5,4
2797,0,4
2798,0,2
2799,3,1
2800,1,0
2801,3,0
2802,0,3
2803,3,0
2804,1,5
2805,0,5
2806,1,4
2807,4,2
2808,3,0
2809,4,1
2810,4,5
2811,4,5
2812,4,5
2813,5,1
2814,3,1
2815,0,5
2816,1,2
2817,4,1
2818,0,5
2819,5,2
2820,3,1
2821,0,3
2822,2,0
2823,3,0
2824,0,3
2825,5,5
2826,2,0
2827,2,1
2828,1,3
2829,1,2
2830,5,4
2831,4,2
2832,3,5
2833,2,5
2834,4,5
2835,1,4
2836,3,4
2837,2,1
2838,3,4
2839,5,0
2840,3,2
2841,4,0
2842,1,4
2843,4,0
2844,0,4
2845,5,3
2846,4,4
2847,1,1
2848,0,1
2849,0,3
2850,4,4
2851,1,3
2852,2,3
2853,5,2
2854,4,2
2855,3,4
2856,5,5
2857,5,2
2858,2,4
2859,1,2
2860,1,5
2861,4,2
2862,1,5
2863,2,0
2864,0,1
2865,3,3
2866,1,3
2867,4,5
2868,3,2
2869,0,3
2870,0,0
2871,5,5
2872,3,2
2873,4,5
2874,0,2
2875,5,1
2876,3,4
2877,1,1
2878,1,3
2879,3,1
2880,5,0
2881,1,3
2882,0,2
2883,2,2
2884,3,1
2885,4,4
2886,2,5
2887,2,1
2888,3,4
2889,0,1
2890,1,0
2891,4,5
2892,3,2
2893,0,5
2894,1,2
2895,0,4
2896,0,5
2897,2,0
2898,5,5
2899,1,4
2900,1,1
2901,1,5
2902,1,3
2903,4,3
2904,2,1
2905,1,5
2906,1,1
2907,1,1
2908,3,1
2909,3,3
2910,0,5
2911,3,2
2912,0,5
2913,5,0
2914,2,5
2915,5,1
2916,4,4
2917,4,4
2918,0,4
2919,3,4
2920,2,3
2921,1,2
2922,3,2
2923,1,2
2924,1,1
2925,2,0
2926,0,5
2927,1,0
2928,0,5
2929,2,4
2930,3,0
2931,0,5
2932,3,0
2933,5,0
2934,3,3
2935,3,1
2936,2,1
2937,2,4
2938,0,0
2939,0,4
2940,0,0
2941,4,5
2942,5,3
2943,3,1
2944,3,0
2945,4,2
2946,1,0
2947,5,5
2948,0,3
2949,4,5
2950,1,5
2951,0,0
2952,4,0
2953,2,2
2954,4,1
2955,5,3
2956,2,5
2957,4,4
2958,4,0
2959,2,4
2960,3,2
2961,1,3
2962,3,3
2963,2,2
2964,3,3
2965,2,5
2966,0,4
2967,3,1
2968,4,5
2969,1,0
2970,0,5
2971,5,2
2972,2,0
2973,2,1
2974,2,5
2975,2,1
2976,1,4
2977,3,4
2978,5,2
2979,1,0
2980,0,0
2981,4,2
2982,2,5
2983,1,0
2984,5,2
2985,5,5
2986,5,5
2987,5,5
2988,4,4
2989,1,2
2990,4,2
2991,2,5
2992,1,0
2993,3,5
2994,1,0
2995,1,0
2996,0,5
2997,5,0
2998,5,0
2999,5,1
3000,0,1
3001,1,1
3002,0,4
3003,0,1
3004,0,4
3005,5,3
3006,1,5
3007,3,3
3008,2,3
3009,0,4
3010,0,2
3011,0,3
3012,3,2
3013,2,3
3014,4,4
3015,3,3
3016,1,3
3017,4,5
3018,0,5
3019,2,1
3020,0,5
3021,0,5
3022,2,2
3023,2,3
3024,5,4
3025,5,0
3026,2,5
3027,4,0
3028,0,4
3029,1,1
3030,4,0
3031,1,1
3032,2,2
3033,4,1
3034,1,1
3035,1,3
3036,3,3
3037,1,2
3038,2,2
3039,4,2
3040,4,2
3041,3,3
3042,0,0
3043,3,0
3044,4,3
3045,3,2
3046,3,0
3047,2,5
3048,3,5
3049,5,4
3050,5,3
3051,3,3
3052,2,4
3053,2,3
3054,5,3
3055,5,0
3056,4,2
3057,1,4
3058,0,1
3059,4,2
3060,2,3
3061,3,4
3062,5,1
3063,1,4
3064,4,2
3065,4,5
3066,4,3
3067,4,0
3068,4,3
3069,3,1
3070,4,5
3071,2,2
3072,3,2
3073,5,0
3074,0,4
3075,5,4
3076,2,5
3077,4,1
3078,0,4
3079,0,5
3080,0,2
3081,3,0
3082,2,1
3083,0,1
3084,4,4
3085,1,0
3086,0,3
3087,5,5
3088,5,1
3089,3,4
3090,4,1
3091,4,4
3092,5,2
3093,3,3
3094,2,3
3095,1,4
3096,1,0
3097,4,4
3098,5,1
3099,5,0
3100,5,5
3101,2,1
3102,1,0
3103,0,0
3104,5,5
3105,2,1
3106,5,4
3107,0,2
3108,2,4
3109,5,1
3110,2,4
3111,5,1
3112,2,1
3113,0,0
3114,4,0
3115,0,3
3116,2,0
3117,4,2
3118,4,5
3119,1,2
3120,2,5
3121,0,0
3122,5,3
3123,3,5
3124,5,5
3125,2,3
3126,4,2
3127,3,3
3128,2,1
3129,5,0
3130,2,2
3131,2,1
3132,4,3
3133,3,4
3134,1,0
3135,1,3
3136,3,2
3137,2,4
3138,5,5
3139,1,1
3140,4,1
3141,2,3
3142,3,0
3143,1,0
3144,5,2
3145,3,5
3146,2,2
3147,4,2
3148,2,2
3149,3,4
3150,4,3
3151,4,0
3152,4,3
3153,2,1
3154,2,1
3155,1,4
3156,1,0
3157,3,5
3158,3,5
3159,2,2
3160,5,0
3161,4,1
3162,2,5
3163,3,4
3164,5,5
3165,3,2
3166,5,3
3167,5,4
3168,1,5
3169,5,4
3170,1,2
3171,2,5
3172,3,3
3173,2,2
3174,4,4
3175,5,1
3176,1,3
3177,1,1
3178,5,2
3179,3,5
3180,2,3
3181,3,1
3182,5,2
3183,5,1
3184,0,5
3185,2,5
3186,1,3
3187,1,0
3188,2,1
3189,1,1
3190,5,1
3191,1,4
3192,1,0
3193,5,5
3194,4,5
3195,4,3
3196,4,2
3197,4,5
3198,1,0
3199,5,0
3200,4,2
3201,2,5
3202,0,4
3203,2,3
3204,4,4
3205,1,3
3206,5,5
3207,2,5
3208,1,2
3209,4,3
3210,3,1
3211,0,2
3212,4,5
3213,0,0
3214,1,2
3215,5,4
3216,5,0
3217,3,2
3218,0,2
3219,2,2
3220,4,1
3221,1,2
3222,1,3
3223,5,2
3224,1,1
3225,5,2
3226,3,5
3227,1,1
3228,2,2
3229,2,3
3230,5,0
3231,5,2
3232,5,5
3233,5,3
3234,2,5
3235,2,0
3236,5,0
3237,1,0
3238,0,3
3239,5,4
3240,1,5
3241,1,1
3242,0,0
3243,3,5
3244,0,2
3245,0,4
3246,1,1
3247,1,2
3248,5,5
3249,0,2
3250,1,4
3251,3,2
3252,4,3
3253,0,0
3254,3,2
3255,3,3
3256,2,5
3257,0,2
3258,2,2
3259,1,5
3260,2,5
3261,0,5
3262,1,4
3263,1,4
3264,3,2
3265,5,1
3266,4,1
3267,1,1
3268,0,5
3269,3,4
3270,1,1
3271,3,0
3272,2,4
3273,1,4
3274,3,4
3275,3,3
3276,0,5
3277,5,5
3278,2,5
3279,2,2
3280,1,4
3281,0,1
3282,5,5
3283,0,1
3284,2,2
3285,3,3
3286,4,1
3287,2,5
3288,3,2
3289,3,0
3290,0,4
3291,1,0
3292,0,4
3293,2,1
3294,1,1
3295,2,5
3296,3,5
3297,3,5
3298,3,2
3299,3,2
3300,5,2
3301,3,4
3302,3,2
3303,0,3
3304,3,5
3305,2,1
3306,1,0
3307,3,2
3308,2,5
3309,1,4
3310,5,5
3311,0,2
3312,4,5
3313,4,5
3314,0,1
3315,5,2
3316,5,5
3317,5,2
3318,4,3
3319,0,2
3320,1,4
3321,2,2
3322,4,0
3323,4,0
3324,2,1
3325,0,3
3326,3,2
3327,1,4
3328,0,4
3329,1,0
3330,3,2
3331,5,2
3332,1,1
3333,5,0
3334,3,0
3335,4,3
3336,1,5
3337,4,4
3338,0,5
3339,2,4
3340,0,5
3341,1,2
3342,2,4
3343,5,2
3344,3,1
3345,2,1
3346,5,5
3347,5,2
3348,4,5
3349,5,5
3350,1,5
3351,0,5
3352,3,5
3353,5,4
3354,0,4
3355,3,0
3356,1,1
3357,1,3
3358,2,5
3359,4,5
3360,0,4
3361,0,4
3362,4,3
3363,5,2
3364,3,2
3365,0,3
3366,5,0
3367,0,0
3368,1,1
3369,4,0
3370,5,5
3371,1,1
3372,5,0
3373,1,3
3374,4,0
3375,0,1
3376,2,5
3377,1,4
3378,0,3
3379,3,1
3380,3,4
3381,1,2
3382,2,3
3383,5,2
3384,2,4
3385,1,1
3386,3,2
3387,1,3
3388,0,5
3389,5,1
3390,5,5
3391,1,1
3392,3,5
3393,0,3
3394,5,1
3395,4,1
3396,1,3
3397,1,3
3398,0,1
3399,4,1
3400,3,3
3401,5,1
3402,2,1
3403,5,5
3404,0,5
3405,3,1
3406,3,0
3407,5,4
3408,2,5
3409,2,1
3410,5,1
3411,0,2
3412,0,5
3413,0,1
3414,3,0
3415,0,1
3416,2,1
3417,3,0
3418,1,2
3419,0,3
3420,4,2
3421,3,1
3422,0,5
3423,1,0
3424,1,0
3425,0,2
3426,5,1
3427,4,3
3428,5,2
3429,3,5
3430,2,5
3431,2,2
3432,4,0
3433,1,0
3434,3,0
3435,5,1
3436,2,2
3437,5,3
3438,5,1
3439,4,3
3440,5,2
3441,3,3
3442,0,5
3443,5,3
3444,3,0
3445,5,0
3446,2,5
3447,3,3
3448,0,0
3449,0,0
3450,0,5
3451,0,1
3452,2,2
3453,3,2
3454,1,2
3455,4,5
3456,1,3
3457,4,3
3458,4,4
3459,1,4
3460,3,3
3461,5,1
3462,3,5
3463,1,4
3464,4,1
3465,4,1
3466,4,2
3467,3,3
3468,1,4
3469,0,2
3470,4,0
3471,2,2
3472,0,5
3473,1,0
3474,5,3
3475,1,0
3476,1,5
3477,1,4
3478,2,2
3479,2,4
3480,5,5
3481,3,3
3482,4,3
3483,3,0
3484,5,3
3485,2,4
3486,2,2
3487,3,4
3488,5,5
3489,4,2
3490,0,5
3491,4,4
3492,0,3
3493,5,1
3494,1,1
3495,1,4
3496,0,2
3497,4,5
3498,3,1
3499,2,1
3500,0,0
3501,5,2
3502,4,1
3503,0,2
3504,1,3
3505,1,3
3506,1,5
3507,5,3
3508,1,4
3509,2,1
3510,1,5
3511,4,5
3512,0,1
3513,0,2
3514,2,0
3515,1,4
3516,5,3
3517,5,0
3518,2,4
3519,3,4
3520,2,5
3521,1,5
3522,3,5
3523,1,3
3524,4,1
3525,1,5
3526,4,2
3527,3,3
3528,1,2
3529,2,0
3530,2,3
3531,3,1
3532,0,1
3533,2,5
3534,0,1
3535,3,4
3536,2,3
3537,0,5
3538,5,3
3539,1,2
3540,1,2
3541,4,2
3542,2,1
3543,4,3
3544,1,2
3545,0,4
3546,5,1
3547,4,5
3548,3,4
3549,1,1
3550,0,3
3551,4,0
3552,0,0
3553,0,4
3554,2,4
3555,0,0
3556,3,4
3557,3,3
3558,4,2
3559,3,4
3560,5,5
3561,4,4
3562,5,1
3563,3,3
3564,5,5
3565,4,1
3566,3,3
3567,5,1
3568,4,2
3569,2,1
3570,5,2
3571,2,5
3572,3,2
3573,1,4
3574,5,4
3575,1,2
3576,3,4
3577,3,2
3578,0,1
3579,4,1
3580,2,4
3581,0,0
3582,2,0
3583,3,2
3584,2,4
3585,4,0
3586,5,2
3587,5,5
3588,1,4
3589,4,5
3590,1,1
3591,4,5
3592,4,0
3593,5,2
3594,5,0
3595,1,2
3596,0,4
3597,2,5
3598,0,0
3599,0,2
3600,4,1
3601,2,4
3602,2,3
3603,0,1
3604,4,2
3605,1,3
3606,5,1
3607,4,4
3608,0,1
3609,3,3
3610,2,0
3611,5,2
3612,5,5
3613,5,4
3614,3,5
3615,0,1
3616,4,5
3617,3,2
3618,3,3
3619,5,5
3620,0,4
3621,5,2
3622,5,3
3623,2,5
3624,0,0
3625,1,2
3626,0,3
3627,3,2
3628,5,3
3629,5,5
3630,0,3
3631,5,2
3632,4,3
3633,2,0
3634,4,0
3635,3,1
3636,4,2
3637,5,0
3638,1,0
3639,3,4
3640,5,2
3641,5,5
3642,0,5
3643,1,1
3644,1,5
3645,2,4
3646,5,1
3647,5,1
3648,4,2
3649,0,2
3650,0,1
3651,1,1
3652,2,4
3653,3,3
3654,1,4
3655,5,1
3656,0,3
3657,0,2
3658,5,3
3659,4,2
3660,5,1
3661,4,2
3662,5,1
3663,5,0
3664,3,3
3665,1,0
3666,4,1
3667,3,1
3668,1,5
3669,4,3
3670,0,2
3671,5,2
3672,5,1
3673,0,4
3674,3,5
3675,0,0
3676,2,0
3677,5,4
3678,4,2
3679,2,0
3680,0,0
3681,1,1
3682,4,2
3683,0,3
3684,4,5
3685,0,4
3686,2,5
3687,2,3
3688,4,3
3689,0,5
3690,3,5
3691,2,4
3692,4,5
3693,0,3
3694,5,1
3695,3,1
3696,5,1
3697,3,3
3698,4,3
3699,5,5
3700,2,3
3701,5,5
3702,2,0
3703,4,1
3704,3,0
3705,1,4
3706,5,4
3707,2,3
3708,5,1
3709,0,0
3710,0,3
3711,5,0
3712,1,1
3713,0,5
3714,1,5
3715,1,1
3716,2,5
3717,2,4
3718,4,0
3719,0,4
3720,2,2
3721,1,3
3722,1,5
3723,3,2
3724,3,5
3725,0,5
3726,4,0
3727,5,5
3728,3,1
3729,3,4
3730,0,0
3731,4,2
3732,2,4
3733,3,1
3734,1,4
3735,5,3
3736,1,5
3737,0,1
3738,3,1
3739,1,3
3740,2,1
3741,4,2
3742,0,2
3743,1,3
3744,0,3
3745,0,4
3746,5,2
3747,3,5
3748,1,4
3749,4,1
3750,1,2
3751,2,5
3752,0,3
3753,0,1
3754,2,2
3755,0,1
3756,1,2
3757,3,5
3758,2,0
3759,2,0
3760,4,2
3761,4,3
3762,2,3
3763,1,0
3764,4,0
3765,5,5
3766,1,0
3767,3,0
3768,1,3
3769,0,1
3770,2,2
3771,5,4
3772,4,4
3773,5,0
3774,2,3
3775,4,2
3776,5,4
3777,4,0
3778,5,0
3779,0,4
3780,3,4
3781,3,0
3782,4,3
3783,3,0
3784,1,4
3785,2,4
3786,1,1
3787,4,0
3788,2,0
3789,2,0
3790,4,5
3791,3,0
3792,0,2
3793,3,4
3794,2,5
3795,0,2
3796,5,1
3797,1,2
3798,0,2
3799,1,4
3800,4,4
3801,2,4
3802,2,5
3803,0,5
3804,1,5
3805,1,5
3806,5,1
3807,0,5
3808,1,0
3809,2,0
3810,4,3
3811,1,1
3812,2,1
3813,1,1
3814,0,3
3815,5,0
3816,4,1
3817,5,0
3818,1,5
3819,5,0
3820,1,3
3821,2,3
3822,5,2
3823,4,4
3824,2,1
3825,2,1
3826,2,4
3827,0,1
3828,4,3
3829,2,1
3830,0,3
3831,1,2
3832,5,0
3833,0,1
3834,3,5
3835,3,2
3836,0,5
3837,0,5
3838,0,4
3839,2,3
3840,4,4
3841,5,2
3842,3,3
3843,2,5
3844,3,2
3845,3,2
3846,0,0
3847,0,1
3848,1,0
3849,5,3
3850,1,2
3851,2,3
3852,5,2
3853,2,3
3854,4,1
3855,0,2
3856,2,1
3857,3,3
3858,5,3
3859,5,3
3860,1,5
3861,2,5
3862,3,1
3863,0,5
3864,1,0
3865,2,5
3866,0,4
3867,1,4
3868,4,2
3869,5,4
3870,5,4
3871,5,4
3872,2,5
3873,2,2
3874,1,5
3875,4,3
3876,2,0
3877,1,3
3878,5,0
3879,5,5
3880,3,0
3881,4,2
3882,5,4
3883,2,2
3884,0,1
3885,1,4
3886,3,3
3887,1,4
3888,1,1
3889,2,5
3890,2,1
3891,1,1
3892,1,0
3893,4,3
3894,1,0
3895,1,3
3896,3,2
3897,4,0
3898,2,2
3899,1,1
3900,2,1
3901,5,4
3902,2,5
3903,5,5
3904,4,0
3905,1,5
3906,1,4
3907,3,5
3908,0,2
3909,1,1
3910,0,2
3911,4,2
3912,2,0
3913,0,2
3914,1,5
3915,2,3
3916,1,2
3917,2,2
3918,2,2
3919,5,1
3920,4,4
3921,0,3
3922,2,0
3923,0,2
3924,3,5
3925,2,4
3926,5,0
3927,3,3
3928,3,4
3929,2,1
3930,3,0
3931,3,2
3932,3,2
3933,0,2
3934,4,1
3935,1,0
3936,3,4
3937,3,1
3938,2,4
3939,3,3
3940,0,5
3941,2,5
3942,5,3
3943,1,4
3944,1,3
3945,4,1
3946,3,2
3947,0,5
3948,0,4
3949,3,3
3950,1,3
3951,1,4
3952,5,5
3953,2,4
3954,2,0
3955,1,1
3956,0,3
3957,4,0
3958,0,4
3959,4,5
3960,1,0
3961,5,0
3962,2,4
3963,5,2
3964,1,2
3965,3,4
3966,1,2
3967,1,2
3968,3,2
3969,5,1
3970,5,0
3971,3,2
3972,3,3
3973,2,2
3974,3,2
3975,0,0
3976,1,1
3977,0,5
3978,3,0
3979,4,1
3980,2,2
3981,3,3
3982,3,5
3983,5,2
3984,3,2
3985,4,4
3986,5,0
3987,2,2
3988,4,5
3989,0,0
3990,1,1
3991,0,5
3992,2,3
3993,3,5
3994,1,3
3995,1,2
3996,1,2
3997,5,2
3998,4,5
3999,4,0
4000,5,1
4001,2,4
4002,4,3
4003,3,1
4004,0,1
4005,5,2
4006,1,4
4007,1,4
4008,2,3
4009,5,3
4010,5,3
4011,5,4
4012,3,4
4013,5,4
4014,4,4
4015,1,0
4016,1,3
4017,0,1
4018,1,2
4019,1,1
4020,5,5
4021,4,4
4022,5,1
4023,3,1
4024,3,2
4025,3,4
4026,4,1
4027,2,3
4028,3,3
4029,3,4
4030,0,3
4031,3,4
4032,0,1
4033,4,2
4034,5,2
4035,4,4
4036,1,4
4037,2,5
4038,1,5
4039,3,5
4040,2,3
4041,0,2
4042,0,3
4043,5,3
4044,4,5
4045,0,4
4046,4,5
4047,3,0
4048,2,4
4049,0,1
4050,1,4
4051,0,1
4052,2,1
4053,3,5
4054,2,1
4055,4,3
4056,4,3
4057,1,2
4058,1,4
4059,0,0
4060,2,2
4061,4,1
4062,1,1
4063,5,3
4064,5,1
4065,0,2
4066,0,3
4067,1,3
4068,3,5
4069,3,5
4070,5,1
4071,2,0
4072,1,4
4073,2,4
4074,4,1
4075,1,1
4076,5,2
4077,1,1
4078,5,1
4079,2,4
4080,0,3
4081,4,5
4082,0,0
4083,3,3
4084,2,1
4085,5,0
4086,5,2
4087,0,3
4088,3,1
4089,1,1
4090,3,0
4091,1,0
4092,3,5
4093,3,5
4094,2,1
4095,4,5
4096,1,1
4097,5,1
4098,3,3
4099,3,1
4100,0,3
4101,3,2
4102,2,0
4103,3,2
4104,5,1
4105,3,2
4106,4,5
4107,3,4
4108,5,5
4109,4,5
4110,3,4
4111,0,5
4112,1,1
4113,0,3
4114,0,1
4115,5,4
4116,0,1
4117,2,5
4118,4,3
4119,3,1
4120,1,1
4121,0,2
4122,4,2
4123,2,4
4124,0,1
4125,3,5
4126,4,4
4127,0,2
4128,3,4
4129,2,3
4130,0,3
4131,3,4
4132,2,3
4133,5,1
4134,2,4
4135,2,2
4136,5,4
4137,1,4
4138,3,1
4139,0,4
4140,4,2
4141,1,4
4142,2,5
4143,1,2
4144,3,1
4145,5,0
4146,2,5
4147,2,2
4148,5,0
4149,0,3
4150,2,5
4151,4,5
4152,2,2
4153,0,4
4154,5,5
4155,0,5
4156,3,0
4157,5,1
4158,0,3
4159,3,3
4160,0,2
4161,0,1
4162,1,3
4163,1,3
4164,5,5
4165,1,3
4166,4,5
4167,3,2
4168,2,4
4169,2,5
4170,3,5
4171,0,4
4172,0,5
4173,5,3
4174,1,5
4175,1,2
4176,3,4
4177,5,4
4178,4,2
4179,3,5
4180,2,3
4181,2,1
4182,1,4
4183,2,0
4184,3,2
4185,4,1
4186,3,2
4187,5,2
4188,4,2
4189,0,3
4190,2,4
4191,4,2
4192,3,5
4193,1,4
4194,2,1
4195,2,3
4196,1,4
4197,0,1
4198,3,1
4199,1,5
4200,0,3
4201,3,5
4202,1,2
4203,1,3
4204,0,1
4205,3,4
4206,4,3
4207,5,5
4208,4,0
4209,0,5
4210,3,1
4211,1,5
4212,4,2
4213,4,1
4214,4,3
4215,2,1
4216,0,3
4217,1,3
4218,2,2
4219,2,0
4220,3,5
4221,2,4
4222,0,2
4223,4,3
4224,0,0
4225,3,5
4226,4,2
4227,5,1
4228,3,1
4229,1,4
4230,1,3
4231,1,2
4232,3,2
4233,0,5
4234,0,0
4235,1,4
4236,1,2
4237,3,0
4238,2,5
4239,2,5
4240,0,1
4241,1,1
4242,2,2
4243,3,3
4244,3,4
4245,0,1
4246,4,3
4247,4,1
4248,5,3
4249,4,0
4250,4,4
4251,5,0
4252,1,0
4253,5,1
4254,1,5
4255,1,3
4256,5,1
4257,2,3
4258,4,3
4259,5,4
4260,0,1
4261,3,1
4262,2,3
4263,0,0
4264,4,2
4265,3,3
4266,1,3
4267,0,1
4268,2,2
4269,3,3
4270,1,0
4271,3,5
4272,3,3
4273,3,1
4274,5,2
4275,0,1
4276,3,1
4277,3,2
4278,0,4
4279,5,4
4280,3,3
4281,0,4
4282,3,3
4283,0,5
4284,4,3
4285,5,5
4286,4,5
4287,0,2
4288,2,2
4289,3,5
4290,5,4
4291,5,4
4292,5,4
4293,0,4
4294,0,4
4295,1,2
4296,2,4
4297,2,5
4298,2,1
4299,1,2
4300,2,0
4301,0,5
4302,2,2
4303,4,3
4304,2,3
4305,3,0
4306,3,4
4307,4,1
4308,4,1
4309,3,0
4310,3,0
4311,3,0
4312,4,5
4313,3,1
4314,3,2
4315,3,3
4316,3,0
4317,3,1
4318,4,3
4319,1,1
4320,4,1
4321,5,5
4322,4,4
4323,1,0
4324,5,0
4325,0,0
4326,3,4
4327,3,4
4328,1,2
4329,2,0
4330,1,4
4331,2,2
4332,3,1
4333,2,0
4334,1,3
4335,5,2
4336,2,2
4337,1,0
4338,4,0
4339,5,5
4340,4,3
4341,0,1
4342,3,4
4343,2,5
4344,0,2
4345,2,2
4346,1,4
4347,1,5
4348,5,5
4349,3,2
4350,0,3
4351,4,2
4352,0,3
4353,1,1
4354,5,4
4355,1,0
4356,5,5
4357,0,5
4358,5,3
4359,5,2
4360,5,4
4361,1,5
4362,3,3
4363,3,4
4364,0,5
4365,0,1
4366,1,3
4367,0,3
4368,2,5
4369,2,4
4370,5,0
4371,3,2
4372,0,1
4373,0,2
4374,2,1
4375,4,2
4376,2,5
4377,2,1
4378,1,2
4379,1,4
4380,4,5
4381,3,4
4382,4,4
4383,2,1
4384,2,0
4385,1,3
4386,0,1
4387,5,5
4388,3,0
4389,0,4
4390,3,1
4391,2,3
4392,1,0
4393,5,4
4394,3,3
4395,0,0
4396,4,3
4397,1,3
4398,3,3
4399,4,3
4400,1,0
4401,1,3
4402,4,1
4403,3,5
4404,5,1
4405,3,5
4406,5,2
4407,2,1
4408,1,2
4409,5,2
4410,3,3
4411,0,0
4412,5,4
4413,3,4
4414,4,4
4415,3,4
4416,0,1
4417,2,5
4418,3,0
4419,1,2
4420,2,2
4421,5,5
4422,2,4
4423,5,4
4424,2,1
4425,3,1
4426,2,0
4427,4,1
4428,0,3
4429,1,0
4430,5,5
4431,2,0
4432,0,2
4433,3,4
4434,0,1
4435,1,4
4436,0,3
4437,4,4
4438,4,5
4439,5,0
4440,0,4
4441,3,2
4442,5,3
4443,5,4
4444,1,3
4445,3,3
4446,3,2
4447,3,4
4448,2,4
4449,0,3
4450,1,2
4451,2,0
4452,0,1
4453,2,3
4454,4,0
4455,4,5
4456,1,5
4457,3,3
4458,0,0
4459,3,0
4460,0,3
4461,3,0
4462,0,4
4463,4,5
4464,5,5
4465,1,4
4466,2,5
4467,1,2
4468,1,0
4469,4,4
4470,4,4
4471,1,5
4472,2,0
4473,5,5
4474,1,2
4475,1,2
4476,3,5
4477,4,4
4478,2,5
4479,2,0
4480,2,2
4481,4,4
4482,0,2
4483,5,0
4484,1,3
4485,5,3
4486,2,5
4487,0,1
4488,4,1
4489,5,0
4490,1,4
4491,0,3
4492,0,5
4493,3,2
4494,1,4
4495,1,1
4496,0,2
4497,5,1
4498,0,5
4499,4,0
4500,1,3
4501,4,1
4502,5,1
4503,2,5
4504,1,1
4505,2,3
4506,4,0
4507,5,1
4508,5,4
4509,2,3
4510,5,3
4511,5,0
4512,0,0
4513,2,0
4514,1,1
4515,2,5
4516,3,3
4517,0,2
4518,2,2
4519,3,3
4520,1,5
4521,3,3
4522,1,2
4523,2,1
4524,4,5
4525,5,2
4526,3,4
4527,0,3
4528,3,1
4529,3,1
4530,1,4
4531,2,1
4532,3,5
4533,1,3
4534,4,4
4535,4,1
4536,4,2
4537,4,4
4538,4,1
4539,2,5
4540,2,1
4541,4,2
4542,0,2
4543,5,0
4544,4,1
4545,5,1
4546,0,5
4547,2,1
4548,3,5
4549,1,4
4550,5,1
4551,4,2
4552,3,5
4553,0,0
4554,1,2
4555,4,1
4556,3,1
4557,5,4
4558,2,3
4559,1,1
4560,0,2
4561,3,4
4562,4,4
4563,1,1
4564,2,5
4565,5,3
4566,4,2
4567,3,3
4568,1,0
4569,4,4
4570,2,0
4571,5,4
4572,0,3
4573,0,2
4574,2,1
4575,1,1
4576,4,3
4577,2,4
4578,3,1
4579,1,3
4580,3,0
4581,1,3
4582,4,2
4583,2,0
4584,2,4
4585,2,5
4586,0,2
4587,0,4
4588,4,2
4589,2,0
4590,3,2
4591,1,1
4592,4,4
4593,2,1
4594,4,1
4595,3,2
4596,0,3
4597,1,3
4598,5,0
4599,3,0
4600,4,2
4601,0,4
4602,0,5
4603,2,2
4604,5,2
4605,0,3
4606,1,1
4607,1,5
4608,0,2
4609,5,0
4610,2,2
4611,1,5
4612,4,3
4613,5,1
4614,4,5
4615,1,1
4616,4,0
4617,5,3
4618,5,5
4619,0,2
4620,2,5
4621,1,0
4622,0,5
4623,5,1
4624,5,2
4625,5,2
4626,5,1
4627,0,1
4628,2,3
4629,3,0
4630,3,3
4631,0,1
4632,4,0
4633,3,0
4634,3,1
4635,2,2
4636,1,3
4637,2,1
4638,4,5
4639,3,5
4640,2,1
4641,2,3
4642,2,1
4643,5,3
4644,1,4
4645,3,0
4646,0,0
4647,0,2
4648,0,4
4649,3,2
4650,3,5
4651,3,5
4652,4,3
4653,2,4
4654,2,3
4655,5,4
4656,2,4
4657,0,4
4658,2,3
4659,3,2
4660,5,4
4661,3,4
4662,1,0
4663,5,2
4664,4,5
4665,4,4
4666,0,2
4667,5,5
4668,4,1
4669,0,3
4670,1,1
4671,0,0
4672,1,5
4673,3,0
4674,3,0
4675,3,1
4676,1,0
4677,1,2
4678,2,3
4679,0,0
4680,0,0
4681,2,5
4682,5,1
4683,2,2
4684,2,1
4685,3,5
4686,4,4
4687,1,5
4688,2,0
4689,2,3
4690,4,1
4691,1,0
4692,5,3
4693,5,2
4694,1,4
4695,0,4
4696,2,0
4697,4,1
4698,5,5
4699,1,2
4700,5,3
4701,5,0
4702,0,1
4703,4,5
4704,3,0
4705,2,4
4706,3,5
4707,2,2
4708,1,3
4709,2,0
4710,4,5
4711,2,5
4712,0,4
4713,1,5
4714,4,5
4715,0,2
4716,0,2
4717,5,3
4718,0,2
4719,5,5
4720,1,3
4721,4,4
4722,1,5
4723,3,5
4724,0,5
4725,1,3
4726,4,2
4727,5,0
4728,1,3
4729,2,1
4730,5,1
4731,3,3
4732,1,5
4733,2,2
4734,1,4
4735,3,1
4736,0,3
4737,0,4
4738,4,4
4739,5,0
4740,0,5
4741,0,4
4742,5,2
4743,4,5
4744,1,1
4745,3,3
4746,4,1
4747,3,4
4748,0,0
4749,5,0
4750,0,2
4751,1,1
4752,2,1
4753,3,4
4754,5,5
4755,3,4
4756,3,1
4757,4,0
4758,2,0
4759,5,0
4760,0,4
4761,5,3
4762,0,2
4763,1,1
4764,0,5
4765,0,0
4766,3,1
4767,1,1
4768,3,3
4769,2,3
4770,5,1
4771,1,3
4772,0,1
4773,3,3
4774,2,3
4775,5,1
4776,3,2
4777,4,2
4778,0,3
4779,4,4
4780,0,1
4781,1,4
4782,3,5
4783,5,3
4784,2,5
4785,0,5
4786,0,1
4787,4,0
4788,2,1
4789,4,5
4790,5,3
4791,5,3
4792,3,5
4793,4,3
4794,4,5
4795,0,5
4796,2,5
4797,0,0
4798,5,3
4799,1,3
4800,0,4
4801,0,1
4802,1,5
4803,3,2
4804,1,5
4805,1,1
4806,5,1
4807,5,1
4808,3,1
4809,1,0
4810,5,1
4811,0,2
4812,3,0
4813,1,3
4814,2,4
4815,2,4
4816,3,1
4817,4,1
4818,4,3
4819,1,2
4820,4,3
4821,5,3
4822,3,0
4823,5,4
4824,2,2
4825,1,5
4826,2,0
4827,1,5
4828,2,4
4829,2,4
4830,3,4
4831,4,4
4832,5,3
4833,5,1
4834,2,3
4835,1,1
4836,2,3
4837,2,1
4838,1,0
4839,4,3
4840,3,1
4841,2,2
4842,4,1
4843,5,3
4844,3,1
4845,3,5
4846,4,0
4847,0,3
4848,3,4
4849,3,5
4850,3,2
4851,5,0
4852,1,5
4853,1,1
4854,4,4
4855,3,5
4856,5,0
4857,5,3
4858,5,2
4859,0,3
4860,0,5
4861,3,2
4862,5,5
4863,0,0
4864,1,4
4865,1,4
4866,1,1
4867,4,4
4868,5,2
4869,4,5
4870,3,3
4871,2,1
4872,4,3
4873,1,3
4874,2,2
4875,3,3
4876,5,4
4877,1,2
4878,4,0
4879,1,3
4880,1,5
4881,1,3
4882,0,5
4883,4,0
4884,2,3
4885,5,3
4886,5,3
4887,2,5
4888,5,0
4889,2,0
4890,1,1
4891,2,0
4892,1,1
4893,0,2
4894,5,1
4895,1,4
4896,2,3
4897,0,0
4898,0,3
4899,2,2
4900,2,5
4901,1,4
4902,2,5
4903,2,1
4904,5,0
4905,2,0
4906,3,3
4907,3,3
4908,3,5
4909,1,2
4910,4,0
4911,4,0
4912,3,1
4913,5,2
4914,0,2
4915,0,5
4916,1,3
4917,5,4
4918,2,0
4919,0,5
4920,2,2
4921,0,5
4922,3,1
4923,1,0
4924,0,4
4925,0,4
4926,5,1
4927,5,0
4928,2,2
4929,2,5
4930,3,5
4931,4,3
4932,1,2
4933,1,3
4934,4,0
4935,2,2
4936,5,3
4937,3,3
4938,4,5
4939,4,3
4940,5,0
4941,1,3
4942,4,2
4943,5,0
4944,4,2
4945,4,3
4946,3,5
4947,1,0
4948,3,5
4949,0,5
4950,1,1
4951,5,4
4952,2,1
4953,5,5
4954,1,4
4955,3,5
4956,2,4
4957,1,1
4958,1,1
4959,0,4
4960,3,0
4961,5,0
4962,3,3
4963,1,1
4964,1,1
4965,1,2
4966,3,5
4967,1,2
4968,0,2
4969,0,1
4970,1,0
4971,0,4
4972,0,2
4973,2,1
4974,2,4
4975,1,3
4976,5,3
4977,1,3
4978,5,2
4979,1,2
4980,3,3
4981,2,1
4982,1,3
4983,0,1
4984,0,4
4985,4,5
4986,4,1
4987,1,1
4988,5,4
4989,0,0
4990,2,3
4991,1,1
4992,4,5
4993,2,1
4994,4,4
4995,2,2
4996,4,0
4997,5,2
4998,1,3
4999,0,3
5000,2,3
5001,4,5
5002,0,3
5003,0,5
5004,4,0
5005,1,0
5006,3,3
5007,1,5
5008,4,1
5009,2,2
5010,4,2
5011,1,1
5012,0,5
5013,5,4
5014,5,2
5015,1,5
5016,0,2
5017,3,0
5018,1,0
5019,3,1
5020,5,5
5021,5,1
5022,2,0
5023,2,1
5024,5,4
5025,0,3
5026,5,3
5027,1,0
5028,2,5
5029,2,4
5030,5,1
5031,2,5
5032,5,4
5033,4,1
5034,1,2
5035,2,4
5036,1,4
5037,3,4
5038,1,4
5039,3,4
5040,5,0
5041,2,5
5042,2,0
5043,0,5
5044,3,1
5045,5,5
5046,2,5
5047,2,5
5048,0,5
5049,2,0
5050,1,5
5051,5,4
5052,2,4
5053,1,3
5054,5,2
5055,3,3
5056,3,3
5057,1,0
5058,3,2
5059,3,2
5060,0,2
5061,1,0
5062,1,3
5063,2,5
5064,4,2
5065,1,0
5066,2,3
5067,2,2
5068,5,4
5069,1,4
5070,2,5
5071,2,0
5072,4,0
5073,1,1
5074,5,2
5075,4,2
5076,4,4
5077,3,3
5078,0,2
5079,4,2
5080,2,1
5081,4,1
5082,1,2
5083,4,1
5084,5,5
5085,1,5
5086,0,2
5087,5,5
5088,2,3
5089,0,2
5090,1,3
5091,5,5
5092,3,3
5093,0,3
5094,0,2
5095,1,2
5096,4,4
5097,5,0
5098,5,2
5099,0,3
5100,2,1
5101,5,0
5102,3,1
5103,0,1
5104,5,3
5105,2,4
5106,3,0
5107,5,5
5108,3,2
5109,1,4
5110,2,4
5111,5,4
5112,1,1
5113,0,5
5114,0,4
5115,2,3
5116,3,0
5117,0,0
5118,4,2
5119,3,1
5120,2,0
5121,4,5
5122,3,4
5123,0,1
5124,3,1
5125,0,3
5126,2,4
5127,3,2
5128,0,4
5129,3,5
5130,1,2
5131,1,1
5132,1,1
5133,2,2
5134,0,0
5135,3,2
5136,3,1
5137,5,0
5138,2,2
5139,2,5
5140,0,1
5141,0,4
5142,5,4
5143,1,5
5144,5,2
5145,2,4
5146,5,1
5147,4,0
5148,3,1
5149,5,2
5150,0,3
5151,5,4
5152,4,0
5153,1,5
5154,4,1
5155,2,2
5156,2,5
5157,0,5
5158,1,4
5159,0,5
5160,1,5
5161,2,5
5162,1,0
5163,5,4
5164,4,3
5165,3,0
5166,3,2
5167,5,0
5168,0,3
5169,2,1
5170,2,2
5171,4,1
5172,4,1
5173,1,5
5174,3,0
5175,0,1
5176,4,1
5177,0,3
5178,3,3
5179,4,3
5180,5,0
5181,5,5
5182,5,5
5183,5,5
5184,5,1
5185,0,0
5186,4,4
5187,2,5
5188,0,4
5189,3,2
5190,4,4
5191,0,3
5192,1,1
5193,5,2
5194,0,4
5195,2,5
5196,1,4
5197,2,4
5198,0,3
5199,0,4
5200,1,1
5201,4,1
5202,2,2
5203,5,0
5204,5,0
5205,2,4
5206,0,3
5207,2,2
5208,0,1
5209,2,1
5210,1,4
5211,4,0
5212,0,3
5213,0,2
5214,1,3
5215,1,0
5216,3,3
5217,2,3
5218,0,1
5219,5,1
5220,2,3
5221,2,2
5222,1,5
5223,2,2
5224,5,3
5225,4,2
5226,5,2
5227,4,0
5228,5,2
5229,0,3
5230,4,2
5231,4,0
5232,0,1
5233,4,2
5234,3,3
5235,4,3
5236,5,1
5237,3,0
5238,4,2
5239,2,1
5240,0,3
5241,4,2
5242,3,3
5243,2,4
5244,4,3
5245,5,1
5246,2,4
5247,2,5
5248,2,4
5249,2,3
5250,1,3
5251,0,1
5252,2,4
5253,4,2
5254,5,0
5255,3,2
5256,1,3
5257,4,5
5258,3,0
5259,0,4
5260,0,0
5261,3,5
5262,0,4
5263,4,5
5264,0,0
5265,1,0
5266,1,1
5267,5,5
5268,1,1
5269,5,3
5270,2,3
5271,5,5
5272,0,5
5273,4,4
5274,2,1
5275,3,1
5276,4,2
5277,1,0
5278,4,4
5279,5,3
5280,0,4
5281,0,1
5282,2,3
5283,5,2
5284,3,0
5285,3,5
5286,4,1
5287,4,1
5288,4,0
5289,3,2
5290,5,1
5291,1,2
5292,5,3
5293,3,3
5294,4,0
5295,0,2
5296,1,1
5297,4,3
5298,5,1
5299,4,1
5300,4,3
5301,4,2
5302,3,3
5303,0,3
5304,4,2
5305,1,5
5306,2,0
5307,5,1
5308,3,2
5309,2,3
5310,4,2
5311,5,1
5312,2,1
5313,4,1
5314,2,1
5315,3,3
5316,5,3
5317,5,1
5318,1,4
5319,0,3
5320,4,5
5321,0,2
5322,2,0
5323,4,1
5324,3,2
5325,2,3
5326,0,5
5327,0,2
5328,4,1
5329,2,5
5330,0,5
5331,0,3
5332,2,4
5333,4,1
5334,4,3
5335,4,3
5336,5,4
5337,3,5
5338,1,2
5339,2,3
5340,5,3
5341,4,4
5342,2,4
5343,4,3
5344,2,0
5345,1,2
5346,3,5
5347,2,5
5348,0,3
5349,3,1
5350,5,3
5351,2,3
5352,0,0
5353,0,0
5354,4,2
5355,4,4
5356,2,1
5357,1,1
5358,5,2
5359,4,3
5360,2,4
5361,1,2
5362,2,1
5363,0,1
5364,3,0
5365,2,5
5366,1,0
5367,3,2
5368,2,2
5369,2,4
5370,3,4
5371,3,0
5372,3,4
5373,2,1
5374,5,2
5375,5,2
5376,4,2
5377,2,2
5378,4,0
5379,5,1
5380,4,5
5381,2,3
5382,5,3
5383,0,1
5384,0,1
5385,3,4
5386,5,3
5387,2,0
5388,3,4
5389,0,2
5390,0,4
5391,3,2
5392,4,5
5393,5,5
5394,2,2
5395,1,4
5396,4,1
5397,1,0
5398,0,3
5399,1,3
5400,5,1
5401,5,1
5402,0,3
5403,3,0
5404,5,1
5405,5,2
5406,3,5
5407,4,5
5408,2,1
5409,4,1
5410,2,3
5411,3,2
5412,2,4
5413,0,5
5414,0,3
5415,4,4
5416,2,3
5417,3,3
5418,1,5
5419,1,4
5420,3,5
5421,3,1
5422,4,5
5423,1,0
5424,1,1
5425,4,4
5426,0,1
5427,0,3
5428,0,0
5429,1,1
5430,2,3
5431,4,1
5432,3,4
5433,2,1
5434,0,2
5435,1,5
5436,2,5
5437,5,3
5438,3,4
5439,0,3
5440,2,3
5441,3,0
5442,1,5
5443,5,0
5444,5,4
5445,2,4
5446,3,4
5447,0,4
5448,5,5
5449,3,2
5450,2,2
5451,0,0
5452,3,3
5453,1,1
5454,0,4
5455,3,3
5456,1,4
5457,1,1
5458,3,5
5459,4,4
5460,1,4
5461,4,4
5462,3,1
5463,0,4
5464,0,5
5465,4,3
5466,3,4
5467,0,5
5468,3,2
5469,0,4
5470,3,0
5471,4,3
5472,5,2
5473,5,0
5474,3,2
5475,3,3
5476,1,1
5477,0,3
5478,1,0
5479,5,2
5480,1,5
5481,2,4
5482,4,4
5483,4,1
5484,2,0
5485,2,1
5486,0,4
5487,3,0
5488,0,3
5489,5,0
5490,0,4
5491,2,1
5492,0,2
5493,4,2
5494,1,4
5495,2,4
5496,2,0
5497,5,4
5498,1,1
5499,3,0
5500,0,0
5501,0,5
5502,1,1
5503,3,5
5504,1,1
5505,3,1
5506,2,3
5507,4,2
5508,0,2
5509,3,1
5510,4,0
5511,1,1
5512,1,2
5513,2,4
5514,4,2
5515,1,2
5516,2,5
5517,2,0
5518,1,5
5519,3,4
5520,2,4
5521,0,3
5522,5,1
5523,2,3
5524,1,5
5525,3,4
5526,3,4
5527,1,3
5528,5,2
5529,0,4
5530,1,1
5531,1,4
5532,2,3
5533,3,3
5534,0,5
5535,3,5
5536,2,1
5537,1,3
5538,0,2
5539,2,1
5540,4,4
5541,1,2
5542,3,3
5543,0,2
5544,5,4
5545,5,4
5546,2,0
5547,2,4
5548,2,5
5549,4,5
5550,4,3
5551,2,4
5552,0,5
5553,1,0
5554,0,1
5555,4,1
5556,0,1
5557,5,2
5558,3,3
5559,2,5
5560,4,3
5561,0,4
5562,5,3
5563,2,2
5564,1,2
5565,3,0
5566,5,3
5567,4,2
5568,0,0
5569,4,2
5570,2,2
5571,1,3
5572,0,1
5573,5,1
5574,4,0
5575,5,3
5576,4,3
5577,5,1
5578,1,4
5579,0,3
5580,0,0
5581,0,0
5582,0,3
5583,4,0
5584,0,0
5585,3,3
5586,5,4
5587,0,3
5588,0,4
5589,2,3
5590,0,5
5591,4,0
5592,4,2
5593,0,5
5594,1,5
5595,1,5
5596,1,3
5597,4,0
5598,4,3
5599,4,3
5600,1,3
5601,1,5
5602,4,5
5603,4,0
5604,5,4
5605,1,3
5606,1,3
5607,0,5
5608,2,0
5609,1,1
5610,2,4
5611,2,5
5612,4,4
5613,2,4
5614,2,4
5615,0,1
5616,2,2
5617,5,0
5618,4,1
5619,2,2
5620,4,3
5621,3,5
5622,3,1
5623,1,1
5624,3,0
5625,4,1
5626,4,0
5627,0,0
5628,3,0
5629,5,0
5630,2,5
5631,4,0
5632,1,3
5633,4,0
5634,2,3
5635,1,2
5636,3,5
5637,3,0
5638,5,0
5639,3,3
5640,5,2
5641,4,5
5642,0,5
5643,2,1
5644,4,4
5645,2,4
5646,1,2
5647,1,3
5648,3,2
5649,3,4
5650,0,0
5651,3,0
5652,0,3
5653,3,5
5654,5,0
5655,0,0
5656,5,5
5657,4,4
5658,3,2
5659,0,0
5660,1,0
5661,3,0
5662,0,1
5663,2,2
5664,1,5
5665,0,2
5666,1,3
5667,3,3
5668,1,0
5669,5,0
5670,2,4
5671,0,4
5672,0,0
5673,0,0
5674,3,1
5675,0,1
5676,4,4
5677,2,1
5678,4,4
5679,3,4
5680,5,2
5681,2,3
5682,1,5
5683,5,2
5684,0,5
5685,3,3
5686,5,3
5687,0,3
5688,5,4
5689,2,0
5690,3,3
5691,3,3
5692,4,2
5693,0,3
5694,5,3
5695,3,0
5696,3,5
5697,0,2
5698,2,4
5699,0,2
5700,1,4
5701,2,2
5702,1,3
5703,4,5
5704,5,5
5705,5,2
5706,4,5
5707,4,3
5708,3,1
5709,0,2
5710,3,2
5711,4,0
5712,4,0
5713,5,3
5714,2,1
5715,3,4
5716,4,3
5717,3,4
5718,5,4
5719,5,0
5720,4,1
5721,5,5
5722,3,1
5723,3,1
5724,3,3
5725,5,1
5726,1,3
5727,3,0
5728,0,0
5729,5,1
5730,5,0
5731,1,5
5732,4,3
5733,4,5
5734,1,1
5735,0,0
5736,2,3
5737,2,2
5738,1,4
5739,1,3
5740,1,3
5741,0,0
5742,2,5
5743,4,1
5744,0,1
5745,4,2
5746,0,5
5747,5,4
5748,4,4
5749,1,3
5750,2,3
5751,3,4
5752,0,0
5753,4,4
5754,5,4
5755,1,5
5756,4,5
5757,2,1
5758,3,0
5759,0,3
5760,5,3
5761,2,5
5762,3,4
5763,5,5
5764,5,5
5765,1,0
5766,3,4
5767,0,4
5768,1,5
5769,1,0
5770,2,1
5771,2,4
5772,4,4
5773,2,0
5774,0,0
5775,3,4
5776,2,5
5777,5,3
5778,3,1
5779,1,0
5780,0,2
5781,5,0
5782,3,3
5783,5,3
5784,5,3
5785,1,5
5786,3,0
5787,2,2
5788,4,0
5789,2,1
5790,3,5
5791,0,3
5792,4,5
5793,1,2
5794,0,2
5795,4,4
5796,5,4
5797,3,3
5798,3,5
5799,1,1
5800,2,3
5801,3,4
5802,1,0
5803,4,2
5804,3,3
5805,5,5
5806,5,0
5807,4,3
5808,4,5
5809,1,5
5810,5,1
5811,4,3
5812,1,1
5813,0,5
5814,4,5
5815,1,5
5816,4,5
5817,3,1
5818,5,3
5819,5,0
5820,3,2
5821,2,3
5822,1,1
5823,5,4
5824,3,3
5825,2,3
5826,2,0
5827,2,4
5828,3,2
5829,4,0
5830,1,2
5831,5,2
5832,0,1
5833,5,0
5834,4,1
5835,1,5
5836,5,3
5837,5,2
5838,4,0
5839,1,0
5840,3,3
5841,3,5
5842,5,2
5843,3,4
5844,0,4
5845,2,2
5846,3,0
5847,1,3
5848,1,3
5849,0,0
5850,0,0
5851,4,0
5852,1,5
5853,5,2
5854,5,0
5855,1,2
5856,2,2
5857,4,5
5858,3,5
5859,5,3
5860,4,5
5861,1,4
5862,1,4
5863,4,1
5864,5,1
5865,3,2
5866,1,1
5867,3,5
5868,3,5
5869,1,2
5870,0,4
5871,0,2
5872,5,5
5873,4,5
5874,0,1
5875,4,1
5876,4,4
5877,1,3
5878,3,0
5879,0,4
5880,2,1
5881,4,3
5882,3,2
5883,0,5
5884,0,3
5885,0,1
5886,2,3
5887,0,4
5888,0,1
5889,0,2
5890,0,3
5891,3,3
5892,1,5
5893,3,5
5894,4,2
5895,2,1
5896,2,3
5897,4,1
5898,1,0
5899,1,1
5900,3,1
5901,5,3
5902,2,5
5903,5,5
5904,1,0
5905,3,5
5906,2,1
5907,4,2
5908,1,0
5909,0,0
5910,5,5
5911,3,1
5912,4,5
5913,3,1
5914,2,5
5915,5,0
5916,5,1
5917,4,2
5918,3,1
5919,5,4
5920,5,1
5921,1,2
5922,5,2
5923,0,1
5924,3,0
5925,5,4
5926,4,2
5927,5,1
5928,4,5
5929,5,2
5930,3,3
5931,4,1
5932,4,0
5933,4,1
5934,0,4
5935,5,1
5936,0,2
5937,2,5
5938,0,4
5939,2,0
5940,5,4
5941,2,3
5942,3,0
5943,5,5
5944,0,3
5945,0,3
5946,3,3
5947,2,3
5948,4,1
5949,0,3
5950,4,3
5951,3,1
5952,3,0
5953,0,4
5954,4,3
5955,5,4
5956,3,0
5957,3,1
5958,2,1
5959,0,1
5960,1,5
5961,2,5
5962,1,5
5963,2,5
5964,1,0
5965,1,3
5966,2,2
5967,3,2
5968,4,5
5969,2,5
5970,0,5
5971,4,4
5972,0,2
5973,3,1
5974,0,0
5975,4,1
5976,3,2
5977,3,5
5978,2,3
5979,4,5
5980,0,1
5981,1,0
5982,4,4
5983,1,5
5984,1,5
5985,3,2
5986,4,1
5987,4,1
5988,0,3
5989,4,3
5990,3,1
5991,2,5
5992,1,4
5993,4,2
5994,3,3
5995,1,2
5996,1,4
5997,4,1
5998,3,0
5999,1,5
6000,4,3
