faculty_id,total_artifacts
3175,10
2122,6
3749,11
4101,12
1829,7
2142,11
3918,9
4935,18
1645,14
2866,6
1580,20
2366,8
4519,10
1088,15
4900,17
5156,7
3997,11
5518,1
2659,14
1591,9
5300,4
1238,10
1342,3
4818,2
1522,29
1483,11
2563,6
1460,10
1896,9
2387,18
2580,1
2999,12
1507,8
2235,8
1721,9
1127,15
3475,21
4219,10
3179,13
4929,9
4161,10
1025,5
4158,1
1395,2
5614,15
3226,13
1990,10
2811,3
1084,1
1352,20
2572,22
1303,7
5173,18
2821,4
3213,22
1618,18
2711,12
1650,15
5984,12
1903,13
5071,10
1339,6
2996,13
5287,13
1322,28
4391,4
2776,6
2393,10
3704,10
3488,5
1270,11
1139,9
3352,1
1143,2
3761,7
5117,7
3000,4
5345,3
2443,19
5223,7
2748,15
2025,8
2525,16
4239,14
4078,6
5155,23
2923,16
2259,17
4684,14
5308,17
5074,10
1265,8
5482,18
3098,8
1975,3
4364,12
1884,12
4937,8
3796,21
2488,5
2721,6
3876,4
4186,20
2231,4
3986,5
3089,3
3220,4
4042,3
4294,9
5695,9
3834,4
4383,17
4957,13
5217,3
2655,6
2096,13
4000,4
1223,10
2833,17
5907,19
5513,16
3425,5
2924,13
1977,11
5578,8
3377,7
5740,14
2622,4
3566,6
4307,5
3561,4
5157,10
5697,5
5682,2
2392,1
2249,3
3913,6
2656,6
5433,7
4477,16
1157,19
5110,7
2027,9
3042,8
2559,16
2914,2
5527,11
5847,6
3105,11
2247,10
3028,14
2802,6
4357,9
3631,3
5995,5
3790,5
4092,2
5140,21
3062,5
1787,13
5061,19
4612,8
1466,13
3242,21
2542,6
4291,25
4097,11
4583,12
1718,8
2874,1
4799,12
2035,21
5929,18
5670,5
3306,5
1888,7
5100,10
5178,12
3691,1
4838,12
2238,4
4859,7
1766,4
4624,5
5949,8
5867,13
3577,25
1808,6
4697,12
2396,2
5692,4
1133,9
2848,7
1016,7
5030,2
3657,3
3703,6
5457,2
4531,2
5529,12
5934,15
1533,6
5543,29
5222,6
1160,11
4119,9
2971,23
4725,7
3087,15
4512,12
3149,9
5427,11
4259,6
2479,15
2625,6
2564,5
4061,9
4126,7
5235,16
4782,15
4713,6
2797,17
1468,20
2513,10
4474,6
1199,6
5383,9
5571,12
2835,1
4923,11
5916,23
4401,12
3601,10
4182,5
4762,10
4798,9
1212,9
5375,6
2173,1
1743,5
3441,2
5298,4
4796,13
1417,2
4773,20
1561,4
3843,5
4452,9
1525,21
1331,6
5605,12
3431,12
3844,14
2606,5
3661,10
5827,7
2294,1
5771,19
1863,1
3436,11
3124,5
1700,9
4418,17
5962,4
3152,13
4321,23
5367,9
1198,26
5417,12
4132,14
2663,9
1068,3
1344,2
1675,5
2225,3
1537,14
3235,11
2888,10
1924,6
4517,11
1404,9
4263,6
4172,3
5038,9
2200,3
5918,20
2342,11
4181,7
1378,8
3198,2
1500,26
4865,9
5926,10
4992,17
2261,2
1165,6
3043,14
1823,7
4415,19
4153,2
1745,4
4683,10
2907,9
1183,9
5597,8
2003,5
2771,4
4917,6
5699,1
5151,4
5254,1
3026,11
4293,10
3611,24
3538,3
5785,6
1226,8
3313,11
5490,17
4169,4
4088,13
3936,4
1869,7
2484,4
3008,8
2662,16
2212,4
4896,5
5452,16
5585,13
1259,19
2007,3
5055,11
5447,4
1031,14
4443,3
2522,15
1496,13
4326,12
1426,7
5936,25
1175,11
3841,8
4918,11
5152,11
2052,8
3234,22
2683,8
1441,7
2463,7
1892,6
3445,8
4208,13
2209,6
5981,15
3685,6
2313,7
2180,11
5961,8
1201,4
2079,10
3885,5
1510,18
1051,8
4083,16
1296,22
2905,13
4155,18
5592,13
4482,21
4424,9
1415,5
1243,10
2355,14
3650,7
4829,6
4826,15
2018,11
3485,11
1274,5
1621,6
2044,2
2842,2
4107,20
3582,11
5188,14
2945,6
2962,5
2682,7
4848,5
1826,14
1064,12
5845,17
1974,4
3151,8
1030,13
2778,14
5337,13
2386,3
1752,8
1163,8
1772,19
3706,10
5895,8
5880,6
1034,1
5930,4
2349,3
5884,11
1156,13
1489,6
3795,8
3296,12
4843,10
4229,3
3624,10
1708,6
5028,15
2015,20
5691,14
5663,4
2697,4
1276,9
3403,6
2240,5
4858,7
3626,12
5854,8
1574,7
4925,10
2094,8
2752,19
5562,28
1889,12
1816,16
1871,17
3941,23
5040,26
3435,14
3359,14
3013,2
2467,11
4256,16
5642,14
2678,12
5651,4
3252,18
5006,18
5505,7
2032,3
3264,9
2758,2
4700,9
3725,5
2526,7
3166,3
4197,17
5756,4
1480,4
2871,8
3346,14
3595,5
4695,5
5965,2
5993,12
5759,12
1493,12
1235,2
4777,6
4758,3
3211,15
5066,13
3133,26
5212,5
2023,11
5095,19
5396,15
2439,7
3411,11
3811,3
5586,13
1634,21
4774,11
2857,4
5875,17
5758,12
2650,11
2335,4
2610,2
3270,1
1294,23
5823,6
2750,7
3387,5
1019,9
3072,9
4866,30
2331,25
1927,10
4919,13
5160,11
5024,16
1269,1
5258,23
4408,8
5123,7
4830,15
5647,13
4876,13
2047,6
5037,3
2189,2
3183,12
5606,14
2738,20
2169,12
4267,12
3922,8
3783,13
5219,16
1418,11
5852,6
3481,3
1350,15
3370,17
2134,3
1875,9
5405,6
2322,8
5214,15
3017,9
4538,14
3069,7
4354,11
2644,5
3287,16
4199,1
3123,4
3744,1
5764,3
3666,5
3669,1
3528,5
5892,14
4036,10
4779,9
2804,14
1280,20
2727,23
2371,18
1689,22
5448,9
1759,11
5708,4
2809,9
5768,14
4547,14
1210,12
2601,16
4209,6
2076,9
3010,17
5480,10
1363,10
1877,10
3587,7
1771,14
1955,8
1866,2
3258,14
3456,13
1085,7
4240,6
2595,16
2069,4
3972,14
3279,7
2496,7
5401,9
4025,6
2323,18
1873,5
5080,5
2198,11
4286,11
1398,12
4368,13
2629,3
4610,9
4899,6
1890,3
3284,15
2497,8
3173,3
5238,8
3512,6
5891,7
4200,3
1056,7
1260,9
3328,18
5087,16
1046,14
3548,14
4317,11
2939,17
3207,11
3741,1
4305,7
4523,9
3228,11
2409,10
1093,6
3054,4
2723,15
4144,3
2228,11
2236,15
5322,8
3196,1
2531,10
4198,1
4874,3
4033,17
2680,9
1769,11
2006,9
4394,13
3679,7
2920,4
3076,3
3859,8
3116,11
5105,5
2090,3
3792,11
3325,2
2701,8
5003,12
4446,4
5465,23
5307,14
3083,6
5422,3
3171,13
2692,6
2684,12
3990,13
1838,16
3037,12
5328,4
2675,4
5841,4
3500,5
3353,5
5886,11
4873,15
4591,2
4617,16
3621,9
5909,11
3502,9
5374,6
1775,9
4910,8
4669,21
3519,1
1208,8
2168,9
3912,3
5897,6
3865,3
2753,2
3260,1
3711,9
4526,18
2975,9
4014,11
4363,15
1564,12
1077,1
5370,6
4227,25
4047,10
2022,9
1777,11
1659,6
4397,3
5843,13
2502,11
3216,9
4653,3
5333,12
1820,7
1978,7
1457,10
3184,5
2127,10
3891,8
2772,27
2237,22
3546,10
3450,10
2227,3
3814,6
4989,13
2113,16
3963,8
4389,18
1908,26
2726,3
5190,9
2255,10
4070,11
1215,11
4823,11
1290,13
4457,5
2668,8
4994,1
1925,13
3239,3
1582,8
2789,6
2961,1
3673,14
4387,14
3905,14
1324,12
4720,4
5905,11
2288,15
4120,9
3240,13
3654,4
3886,14
2532,9
3586,16
1565,5
4837,11
4177,11
1804,11
1249,5
2031,8
3888,10
4090,5
4323,4
3180,4
5302,9
1125,10
3200,7
5213,6
4336,21
1469,4
1731,15
1848,20
1295,17
1961,10
4429,18
1065,20
2521,12
4403,9
1886,7
2725,1
1796,9
5320,20
4788,14
4203,12
2242,9
4718,5
1550,8
1332,6
2407,6
3579,9
4606,3
3975,1
4028,10
2517,11
5025,7
3728,11
2828,7
4280,2
1176,8
5500,13
2013,8
4251,1
1291,13
5660,13
1583,3
5633,8
1506,1
5042,9
2414,1
4376,7
4727,7
5828,18
3390,22
2774,16
1633,15
2148,8
5266,4
2724,5
4726,13
5099,2
3884,9
2042,4
4386,7
5516,3
2791,10
3276,8
4426,17
4882,12
5786,9
4530,8
5787,8
4040,11
3991,11
3670,11
2757,3
1061,9
3244,12
2609,9
5524,18
1588,1
4455,12
3920,2
5655,5
2896,17
4784,6
2181,9
2404,11
3817,13
3132,1
3495,16
1942,4
1505,15
3504,6
4568,11
4459,8
5442,11
3862,14
2607,11
5478,8
5084,4
1197,8
1729,12
2628,9
5102,7
4018,6
3222,3
5346,10
1207,10
1477,10
3567,4
1944,5
5182,14
2284,12
2638,13
2051,10
1456,19
4851,5
3045,5
2064,6
4655,5
5838,13
2192,10
4384,10
2549,10
3818,9
5640,8
5620,7
4642,12
4076,17
3144,6
2823,3
1939,4
5388,9
5755,5
3140,9
5090,6
4481,4
1425,10
1613,7
3498,14
4507,7
1244,17
4498,9
2619,12
5335,15
2037,3
1899,12
2038,22
1300,5
3293,13
4756,4
1055,6
4032,11
4698,3
2998,1
5162,6
5361,7
2306,6
2398,11
3904,1
2109,3
5547,2
1206,12
3104,16
4828,17
4246,16
5286,10
4822,10
5593,5
5309,12
2466,6
5868,3
2056,3
3919,8
3721,11
4604,4
4733,9
4327,14
2582,7
3734,4
3857,10
1114,3
5609,13
5334,28
4469,9
4185,5
2312,12
1586,12
2882,11
5129,9
4844,16
3349,6
5354,7
1599,4
4893,15
2616,3
2045,11
3940,9
1786,9
1512,12
1694,21
2092,8
3155,10
2898,6
4641,9
1311,5
1723,7
1774,6
5018,6
5365,9
5639,9
2219,6
2108,6
2647,15
1306,5
2339,5
2483,11
1288,10
5450,9
3029,8
5344,5
2082,1
5285,2
5595,5
3753,16
5245,14
4987,14
3073,14
1170,11
1626,5
2191,25
1681,20
3976,14
3020,3
1590,15
4451,4
5303,2
3261,13
4524,16
5315,6
4435,4
3956,11
3121,4
5947,3
1266,5
2886,4
4162,2
2840,5
1382,2
4898,9
5306,14
3206,26
4663,10
4428,5
1247,11
1122,12
3421,17
4656,6
1491,9
3636,21
3752,10
3927,14
1145,6
4111,4
4174,9
5047,5
3798,9
2320,7
2760,18
3923,20
4472,6
2329,13
5879,4
3970,3
1304,3
5624,9
1488,2
5864,10
4973,12
2941,14
3826,23
3819,16
3283,11
1595,12
4786,14
4102,7
4515,10
2614,9
1773,10
3025,14
2239,5
5959,11
5499,6
5611,8
1802,7
4561,12
2781,9
2054,3
1664,3
3449,4
4842,9
3648,7
3059,15
5763,2
5811,9
4311,7
4338,15
4041,5
5192,5
2296,8
4351,7
1391,15
2780,12
3125,17
1516,6
2957,2
1008,9
3208,15
1172,4
2786,11
5960,5
2775,5
1504,10
4931,1
3030,15
4464,7
4315,14
2183,13
1902,13
5819,16
5900,2
2763,1
1485,10
3774,5
4312,11
5968,11
3147,5
3060,10
3622,21
5791,18
1812,6
3570,24
4475,7
2364,9
3861,6
5496,12
3593,18
1798,1
2138,6
1683,5
2475,6
1302,10
4466,2
5255,12
3162,9
2967,3
2637,9
4979,13
4349,15
1190,9
1047,7
5341,13
1400,7
1651,8
5097,14
2603,9
1458,2
4438,1
5539,3
4614,1
3006,7
5336,5
1546,6
3541,8
5599,24
4569,23
2155,7
3453,10
5761,15
1427,11
2600,8
5204,3
4325,23
1878,14
1722,10
3210,4
2633,6
1434,17
3754,17
2989,8
1922,6
2698,15
3111,7
5000,21
2170,12
1616,11
4680,6
4688,7
1473,9
2256,14
3474,9
2575,12
4450,9
5114,9
2363,9
3192,10
4093,7
3446,20
4775,6
5077,7
2344,3
3987,11
3607,5
5588,3
3058,5
3172,2
4877,11
1137,12
3032,7
2380,10
5649,24
1644,6
3197,1
3978,8
4288,7
2768,8
5621,9
2213,10
1323,3
5144,18
4936,18
1770,9
5231,10
1399,5
1608,9
1822,10
5082,11
4304,9
4757,6
3786,23
5193,13
4016,13
4297,16
4151,18
5992,13
3231,4
1682,8
2536,5
2383,9
3572,2
1663,18
3484,1
2455,6
5590,2
4487,5
2337,5
3022,3
2956,11
5612,3
2471,1
4977,20
2210,12
4420,10
4365,11
5967,14
5398,21
3720,11
2685,14
2102,3
4030,6
1155,14
1367,13
1089,3
5343,8
2281,14
1267,1
5382,13
5777,15
4565,12
2911,3
4220,8
5167,13
4570,5
5001,1
2699,7
2158,7
4966,4
4914,12
2520,9
3813,3
2470,7
1952,9
5234,8
5016,14
5158,10
5770,12
4672,5
4013,2
1834,3
5701,17
3645,6
3340,11
2879,4
5004,15
3549,9
2597,9
5230,13
2196,13
2877,9
3908,20
1062,5
1749,21
4738,14
1082,14
5357,3
3700,2
4091,8
5056,16
2537,9
5676,7
1380,3
1242,12
4202,3
3602,12
4588,4
4806,2
2481,4
1218,6
2040,6
5031,21
3893,6
3557,13
3659,8
5862,16
2292,9
5871,4
3413,12
2852,14
5790,17
2831,8
5359,10
1956,11
5983,10
5325,7
4831,7
5381,4
1934,4
1130,8
4944,1
1783,4
1646,5
3890,10
1410,6
4993,5
1627,5
2686,13
3708,9
1988,8
4094,8
4681,3
1275,15
2391,11
5724,11
3925,13
3667,4
4645,7
3167,11
4729,3
2161,5
5520,6
5120,7
3314,2
5933,6
3195,6
3115,9
4347,8
1997,5
3983,8
2577,4
1636,1
3415,1
5971,10
2729,6
5339,16
5538,10
2351,17
1353,5
2193,3
1349,7
1171,3
3793,4
5818,6
5914,6
4355,5
2326,7
5445,3
3764,7
4562,8
4905,3
1994,8
4620,4
3539,3
5461,3
1144,2
2519,9
2681,16
2808,20
5424,3
5338,13
5444,4
5577,11
3419,9
5485,18
5247,8
2071,9
2880,3
4644,8
4352,12
4258,12
4991,7
2026,5
1461,4
2736,1
1444,1
4012,6
5564,7
2695,17
5237,12
2849,11
1538,6
2712,4
1335,21
4807,10
2837,10
1670,14
3791,9
5887,18
4639,9
3625,12
4995,5
3439,7
1245,7
5373,10
4564,8
3497,4
4510,13
4314,4
5510,6
4074,8
1273,9
4001,24
4615,9
4118,9
3067,13
4038,4
2867,8
5440,7
5591,13
3863,8
5817,5
5551,11
1455,6
3120,17
3690,11
1394,5
2560,12
5937,7
1301,6
4504,3
4176,2
2384,4
2343,18
1628,6
2885,15
3489,8
3699,13
5324,5
2653,10
2489,1
1026,10
5492,4
3709,7
4137,6
5246,6
5553,8
3399,1
4852,7
2666,14
3932,8
1615,9
5541,4
1467,21
1818,8
1968,14
3871,10
2782,7
3613,13
1074,13
4544,15
2464,10
1113,11
5948,10
4166,12
5467,7
2405,2
5274,4
2694,5
3324,15
4846,9
3269,8
3996,17
2651,11
4356,4
4603,16
5507,7
5347,11
3815,12
4820,17
3649,3
3388,12
2177,8
1069,1
1355,18
1251,11
4157,14
1146,8
3506,7
1517,5
3012,9
3969,8
4136,14
4399,11
4928,21
3827,7
3810,4
2014,6
4692,10
1028,27
3730,5
1781,16
5225,13
3309,4
1917,17
2779,16
3209,11
4221,2
3858,6
4631,6
5148,6
3856,8
5555,8
2232,3
2485,10
3726,1
5039,8
2618,13
5103,7
3049,8
3967,4
5189,7
4425,10
2245,18
4557,11
5086,5
2223,15
1847,18
5466,9
2613,5
3534,6
4125,3
1191,5
2640,8
1665,2
3759,10
3833,6
1551,20
5716,15
3084,10
2646,3
1435,5
5638,7
3350,12
4976,15
4832,10
4765,3
2412,9
5096,7
3034,9
5545,8
4159,9
5147,5
4226,2
4839,10
3232,20
4043,5
1951,8
3473,14
1701,2
5626,19
1029,27
5526,4
2477,18
1032,6
3001,14
4027,15
3683,8
2447,18
1167,4
1518,2
3632,10
5203,17
3663,12
3075,13
5890,4
2224,16
3702,11
5036,12
4024,4
3458,11
3027,4
4529,21
2203,6
5657,8
4508,11
2803,15
1811,6
2740,9
3364,6
3894,7
2375,7
2602,6
1835,8
1930,13
2458,13
4212,16
3249,8
3135,9
3937,7
1855,14
1341,20
5694,20
5392,11
4751,7
1407,6
2368,12
2985,5
4244,11
4543,2
1360,2
1711,1
1087,7
5132,3
2128,10
5176,4
2252,6
5824,11
5546,12
1010,16
4660,17
2072,10
4454,21
2499,11
5057,11
1232,8
4703,5
2824,9
3552,19
3007,7
1806,1
5736,13
1357,3
5311,2
3677,10
2515,7
2105,21
4559,22
4867,13
3257,7
4506,7
2630,21
4528,16
3369,4
5488,10
5826,11
1748,9
1642,7
4927,11
5924,2
4536,10
5360,7
4627,3
3750,4
3150,6
2755,1
3816,9
5940,3
2492,14
4390,10
2451,10
4962,8
5015,11
3947,3
4320,10
2652,14
2844,7
2742,21
2950,8
3635,11
2822,9
5463,15
5109,12
3138,13
4608,9
5227,18
1856,12
1436,6
2623,6
4849,13
4204,5
2761,8
2930,4
3039,12
4952,7
3457,1
2571,11
2554,5
1420,6
2085,3
1938,12
5054,18
5243,17
3584,17
2785,12
4483,15
1807,16
4237,16
2964,13
5964,4
2664,17
3676,16
5385,8
3930,7
1192,9
1541,3
2994,16
4961,9
2374,6
5489,11
5917,4
4381,6
1486,4
5702,11
4322,7
5738,24
2892,16
1739,21
2176,2
2836,9
3327,15
1128,10
4405,22
4494,8
5327,11
2856,12
1227,3
5150,8
1475,12
4262,4
2418,13
5579,6
1569,16
3243,17
2153,9
3097,3
3332,7
5751,8
5554,20
1751,16
1314,12
1186,7
4034,12
1521,4
1841,13
1497,5
4318,10
1843,18
3119,8
4419,4
1250,3
4476,4
2987,26
1490,22
5580,9
4465,15
1603,10
2845,17
1222,7
5656,12
5713,14
4870,4
3181,13
2743,19
3806,11
3080,13
3056,7
1299,15
2984,6
4247,8
1220,6
5610,5
3931,18
2891,2
1225,6
1478,9
4130,3
2220,15
1375,14
1166,15
4374,5
1973,18
3281,6
1733,1
1298,13
3694,11
1692,13
1252,21
1050,15
2286,7
2909,8
2627,5
1002,7
1048,9
3762,5
4134,6
2041,6
4006,30
4249,23
1846,14
5896,8
2150,11
3341,20
5265,3
4017,9
3440,11
3574,6
1181,20
1979,10
4445,22
1189,10
3573,11
4110,8
1559,17
3943,7
5291,5
1326,7
5428,3
5728,9
1321,1
1530,8
4505,6
4191,4
5572,8
3522,10
2410,5
1529,16
4393,5
2190,8
4902,7
2365,19
1688,18
5789,15
4478,13
2847,5
2910,15
2801,10
4647,6
2569,1
1632,1
1035,9
2810,3
3256,4
3285,3
5420,11
5171,10
4308,16
3434,13
1253,12
5667,17
1136,24
5494,2
2420,14
4235,16
1151,6
5330,6
5743,4
1861,5
4629,7
3333,11
5844,9
4460,6
4441,8
4742,18
3638,9
2545,5
4015,14
3382,4
5870,7
4534,6
3112,4
3686,4
3320,13
1827,4
3118,8
3789,6
2741,7
2798,7
1052,20
3824,12
3612,9
4145,1
1946,10
3383,12
5474,3
1756,7
3527,3
5210,4
5675,8
2691,18
5688,18
3835,11
4638,6
3310,9
2834,14
2565,12
3040,6
5220,18
5576,3
1904,6
4195,7
3015,16
4037,9
2438,8
5861,4
4741,4
4448,4
3086,22
1947,6
5446,4
1045,4
5744,11
1194,12
2524,4
3898,13
5874,12
1750,10
1793,5
4956,10
4885,18
1470,6
2278,7
4348,8
3517,10
4662,7
2794,8
4073,11
3674,5
5619,8
3766,24
2841,4
3404,9
2494,29
5329,8
2257,15
1894,18
5941,7
5876,16
2106,3
1576,7
4520,13
4816,10
1732,13
5094,10
5186,5
3999,5
1263,12
2246,6
5316,4
2764,5
4921,17
1091,7
1240,8
3262,11
1697,5
2019,16
5166,17
1132,12
4595,9
3074,11
5462,8
4847,9
1800,9
1901,8
5476,10
1654,8
1330,15
3401,7
5088,13
4967,7
5044,2
1182,2
5509,3
1703,13
2428,5
3907,17
3637,15
3092,15
1831,17
2734,19
4712,11
5495,8
4007,9
3330,14
3305,5
1971,12
5471,9
5411,8
2157,7
2732,4
3664,7
4353,4
1286,3
2620,7
4238,8
5048,8
2036,2
3277,14
2413,5
1180,18
1073,8
5869,14
1649,14
3609,21
1119,12
5982,7
2876,15
4930,21
4864,7
2942,5
1635,2
5124,13
4648,11
3723,11
2149,4
5727,8
3832,7
2817,6
1828,7
1950,1
4933,5
2354,3
2241,9
5146,9
1396,19
4793,12
1747,7
4999,10
2267,4
1310,11
2534,12
4281,8
5043,17
5573,3
3412,13
1624,12
2703,12
5851,12
3212,8
3717,10
3280,5
4658,3
1362,9
5946,7
2468,7
2556,7
2336,2
4113,7
3784,12
4948,24
4857,15
4572,11
5183,18
5618,14
3301,16
5409,16
1231,16
2932,4
1913,10
3163,10
1334,2
3610,5
5404,6
4296,21
4740,3
2067,16
5288,4
4625,5
4518,1
4694,5
4875,11
3334,23
4808,7
5632,7
4717,15
3398,22
1487,15
4211,13
3410,7
5548,6
4485,8
3955,5
1949,6
3426,6
1725,8
4772,1
3471,16
4542,13
4770,12
4884,5
1966,1
2567,3
3199,5
5191,10
5760,11
2735,9
2060,9
2275,9
4668,10
3011,9
4809,5
4264,8
3697,13
4143,11
2887,8
3634,5
2819,6
1216,14
3797,20
5283,9
1858,11
1248,3
3068,11
5372,6
3476,2
2657,8
1124,9
5397,9
1696,1
4545,8
3805,9
3839,4
4907,5
2401,9
4382,8
5180,7
3671,14
3501,12
4059,15
3122,11
1736,6
3773,5
5737,15
2004,13
2826,9
2926,12
2589,12
3981,12
2968,17
1108,13
1641,14
3420,10
2279,3
1158,2
1597,20
3047,16
5257,5
3451,8
4285,13
2473,7
1520,25
2141,7
3687,10
5137,16
3902,2
2805,7
2777,12
4576,8
2654,21
3562,18
3141,6
4127,15
2702,3
5423,18
1991,15
5470,8
4946,15
3952,1
5342,3
4511,4
3066,8
3298,6
4812,6
1219,1
5249,13
1967,6
4633,28
2164,6
4940,14
3619,3
5680,3
3658,16
5067,12
2770,6
4023,11
5348,10
5997,11
1720,7
4593,7
5715,26
5801,11
1164,11
1706,4
2861,17
2305,11
3779,8
5661,11
4546,10
1329,4
4589,12
1351,6
3051,8
3254,3
4912,13
2972,13
5945,11
1778,21
2048,16
5216,7
2087,1
2244,4
1403,14
2688,19
2598,13
2269,22
4587,14
1293,8
2783,4
5750,5
2078,4
3620,7
3615,10
2107,4
5741,5
4480,2
2759,1
3114,1
2588,11
1017,12
2089,14
2205,6
5664,10
2211,6
3300,6
5748,12
5943,15
1509,5
4537,8
2720,6
5829,3
5453,6
5515,7
4500,4
3392,5
5560,7
1969,7
4983,14
1211,6
5353,8
5772,3
5421,5
5975,10
1698,12
2271,15
4889,16
1865,8
1057,4
3161,12
1982,8
2029,9
1159,16
3408,5
2206,40
1121,15
1850,10
4754,15
5778,4
1118,10
3606,5
5521,1
2490,14
3374,11
4567,15
5659,16
3958,10
3897,1
2718,14
5969,5
4447,14
5532,3
4115,4
3433,8
2649,15
5709,13
1519,17
4552,10
2080,9
4736,17
3545,14
4343,7
4412,15
3468,26
5999,6
3065,6
3966,10
3875,7
2444,8
4768,10
1815,11
5264,13
5749,8
2324,1
5966,5
1072,6
1369,22
4824,17
2915,4
1589,21
2445,4
1881,4
3571,1
5970,4
3316,4
3499,13
5052,4
3139,7
1059,17
5331,17
2356,14
1384,16
5032,15
2304,23
3854,27
1536,12
4423,4
3099,14
1142,16
3740,16
2947,15
2716,6
3511,16
5767,20
3681,5
3201,10
1379,8
4184,6
2875,6
5540,1
1932,17
5972,2
1386,18
3962,6
2298,2
4075,6
4577,12
5130,4
4274,3
2906,18
2667,14
1539,7
5575,1
5558,5
1513,19
2273,2
2584,14
4453,17
2099,4
3304,9
2297,9
5814,16
3934,9
3588,10
5704,3
2442,7
4855,4
1814,9
3938,16
3102,1
4223,5
1377,3
5271,3
2523,1
4840,5
1945,8
1438,15
3823,6
3129,10
1451,12
5317,11
4950,4
1154,3
2369,13
1789,8
4440,7
5531,1
2855,16
2469,4
1957,6
1272,3
5386,1
4068,14
3710,6
4345,8
3971,5
1833,8
1643,7
4495,5
4650,17
2338,9
4897,17
5387,9
1735,16
1657,10
3423,9
2171,6
5856,6
2174,2
1560,3
3563,2
2561,6
4613,11
3273,9
3513,16
4924,14
2904,12
4444,3
5938,10
3326,28
2631,10
4290,10
3085,5
5923,8
5503,5
4916,3
4361,17
2081,7
1096,8
1545,10
5600,13
1037,7
1727,10
2983,3
5149,10
1205,7
4210,17
1737,9
5319,14
5127,7
4215,12
2929,17
5131,10
2495,5
3018,7
1036,9
4690,4
2991,7
5561,5
5795,7
5720,6
3660,8
2872,13
2970,14
2402,5
4881,4
2111,2
5752,4
5742,9
4646,5
2204,17
4333,9
1779,24
3926,23
2581,8
3093,24
2993,15
3339,13
3505,10
1669,15
5049,18
1540,5
2046,15
5511,18
3170,19
3830,16
1575,4
5363,3
4573,2
3653,6
4592,9
1318,13
5556,6
3229,7
4020,4
5608,5
2299,15
4066,12
2547,7
5722,4
4248,15
3575,17
4601,16
2574,14
4160,15
2159,14
4299,20
3889,13
4044,8
3739,17
4313,11
4254,3
3443,15
4122,1
4054,4
3959,5
5662,3
2424,3
3629,10
1066,7
1996,7
3479,5
1256,9
1279,10
2163,3
1397,10
2937,16
1943,1
2030,19
1385,15
5925,10
5369,8
3036,4
1989,2
2687,1
3128,3
4002,14
2440,11
4105,4
5200,9
5418,9
5432,7
1315,9
3465,16
3292,11
3157,17
1060,12
4560,10
4939,3
1685,12
1169,15
5797,12
4731,5
2933,11
2784,5
1254,6
1022,2
2959,11
1015,1
5603,4
2854,11
5998,9
2579,6
5022,15
2315,8
1614,18
5596,27
4369,14
3772,10
2665,13
3800,5
1462,3
3002,4
5023,1
1076,17
5542,10
5425,23
3373,7
4252,8
3756,1
1116,4
1287,17
3964,10
1041,1
1717,10
1677,12
1111,8
4693,3
3263,6
4080,1
5808,1
1754,9
1075,2
1868,2
5076,7
4334,3
4682,4
2576,18
4490,13
2756,13
5165,9
1432,11
5775,19
2034,10
4550,4
2272,12
1431,11
2832,17
1494,10
4909,14
3154,7
2935,5
2436,4
3294,4
4437,25
4109,9
2677,10
1365,5
1795,6
2988,5
1662,9
2357,11
4522,12
5834,4
5075,4
2136,2
2717,4
5187,13
3024,12
2704,4
1498,2
2912,1
2918,8
3496,1
1422,2
1531,10
1849,5
3628,13
5481,16
1549,15
2104,17
2865,5
4192,15
3389,13
1601,3
3169,11
4943,17
4892,11
3864,7
2199,9
5072,8
2214,11
1358,1
3852,5
2083,11
2399,21
1236,17
4716,10
3916,9
2277,7
3251,14
1810,2
2940,12
5218,10
3158,7
5153,13
2147,8
1661,18
5730,10
5658,7
5627,5
5679,11
4149,12
5683,10
1914,9
3356,12
5065,9
3543,4
2053,5
3427,4
1998,9
3319,8
2097,4
4271,4
3662,5
4150,17
5014,18
5866,9
5780,6
1757,9
3405,17
4010,16
4071,10
3777,8
1716,19
1495,6
1845,7
5799,10
2807,7
1374,8
4058,17
4427,22
5472,4
3407,10
4009,4
3765,3
5549,3
1233,4
1594,5
1596,3
4359,5
3454,18
3164,20
1229,8
3516,19
4154,17
5050,18
3331,19
2814,20
3397,10
2873,11
1305,13
2188,12
5903,7
2674,11
4377,10
2429,8
3117,16
4667,2
1620,6
5976,12
1837,4
4163,11
4011,5
1673,4
5437,2
3652,7
1195,5
4594,16
5451,8
5912,7
5376,17
2187,13
3803,7
5304,24
4539,5
4124,8
5408,5
3023,15
5668,14
4804,7
5788,6
5278,18
4888,10
1555,12
1963,9
1381,16
4787,18
3821,11
2119,3
5501,8
5355,5
2262,10
3090,4
2333,9
2705,6
2884,3
2921,5
4651,3
2434,12
5121,10
1887,12
5393,17
5774,10
1598,7
3188,11
5615,10
5179,7
3944,5
2863,10
1388,8
4632,9
4581,20
1619,1
3218,7
5899,8
1840,3
3038,2
4780,14
4436,6
4253,6
5400,8
4329,10
1790,13
1313,5
3052,9
3608,2
3763,4
1297,1
3714,1
4997,20
1234,3
3867,11
3718,4
4035,12
2951,6
1910,17
2881,13
1463,18
3469,5
5816,4
3589,7
4760,8
1412,4
2590,14
4778,9
2077,6
1200,17
1872,12
4715,2
2068,4
2864,9
2751,16
1261,6
3430,12
2194,10
2258,12
4086,12
5536,16
5053,5
1876,4
3202,7
1020,6
5063,9
2790,14
2345,11
5261,9
5035,9
4180,23
1742,6
1230,5
4135,9
1317,10
5718,20
2143,10
2585,8
2394,3
2516,6
1001,4
2966,3
1006,18
4433,9
3840,15
2851,8
4260,4
1690,9
1607,8
1791,11
4497,11
5092,8
2328,11
5523,7
3357,16
2827,3
1695,21
1965,8
1134,10
5711,17
4142,12
1746,8
4968,5
4431,8
2480,7
3985,2
3715,9
3933,3
5362,5
4123,2
5563,13
2358,11
1356,13
1081,25
5260,9
5717,1
5033,18
1347,10
3866,10
5631,11
5652,3
1714,3
1985,7
1905,2
1209,8
2020,15
2919,13
5269,1
3361,14
2800,8
5058,4
5798,15
1058,10
1581,14
3799,2
3537,14
4461,2
1960,14
5522,13
5693,20
4845,12
4206,5
3598,9
4008,11
5653,13
4661,20
1638,5
5136,12
5449,4
1724,4
1898,6
5835,15
2587,5
3193,10
3417,2
4026,4
2850,3
2512,5
2853,5
5913,5
1104,12
3639,16
3707,6
5677,14
1738,9
5089,3
4599,11
5504,10
4022,16
1926,6
4301,7
5985,9
4344,9
2728,7
4140,13
2498,7
4894,7
3126,5
5898,4
4752,7
5407,9
4224,1
1609,9
5574,6
1780,9
5853,3
1094,10
5921,23
4273,2
2839,17
2172,6
3526,2
3771,4
4689,20
4714,14
3633,2
5645,14
4794,11
5915,5
4062,14
1625,11
2129,5
3651,1
2350,12
4164,5
3266,6
4709,2
4687,3
4734,9
2230,3
5559,6
5696,3
1007,14
1443,7
3597,14
4245,13
3787,12
5781,8
1921,6
2167,5
2226,17
1970,7
2120,15
1401,5
5506,4
4402,3
4156,4
5468,18
5469,13
2769,4
4981,5
4676,19
3745,9
1825,5
1755,10
3343,4
1647,13
1346,4
1098,1
5008,21
4292,11
2397,5
4932,14
1354,5
1502,9
2229,16
3375,4
4964,4
3860,12
4673,4
3592,7
2641,5
5174,1
3031,18
3850,9
3855,4
1765,6
5113,3
4722,8
3518,17
5669,10
1660,16
2395,11
4814,7
5769,11
2954,6
2482,11
2431,17
4605,9
1214,8
4087,12
4805,7
5589,2
4890,5
4635,8
3061,14
1414,9
3998,17
3467,10
3807,8
2787,5
3644,5
5931,6
5860,1
3168,4
5305,4
1343,12
4759,8
1102,9
2012,23
4947,15
4969,5
5988,17
1639,4
2462,2
5473,6
3600,3
3776,8
4052,3
3982,15
5776,10
2671,9
5989,6
5731,3
3682,3
5922,6
4340,3
3014,12
5725,13
5641,2
1704,9
3724,1
2091,21
1611,10
3618,11
5172,8
1333,6
3190,13
4959,4
4491,8
1715,12
3131,3
2608,18
2788,5
5356,17
5839,19
5412,7
1442,18
4272,5
4168,5
5557,3
2309,4
5284,11
3182,9
4442,3
4456,7
3640,7
2986,10
1320,9
1039,18
1667,10
1110,10
4652,3
4670,6
4395,10
3646,3
3463,10
3742,9
2553,10
4579,9
5832,3
4496,2
1918,8
4643,21
2793,24
1864,8
1655,15
1447,7
3414,9
4525,17
5402,2
3462,24
2722,5
5942,7
2679,17
2952,12
5796,4
4763,18
5013,16
3393,9
5410,14
4138,1
5194,2
2719,5
2737,10
1325,4
1809,9
1405,1
2889,3
4404,7
1671,25
4243,9
3692,6
4586,3
5138,4
5996,27
4503,16
3070,11
5689,14
2251,16
4370,12
4100,5
4148,6
2992,7
4282,6
2311,3
2901,12
2568,2
4225,10
2378,10
4879,6
1760,4
2452,2
1893,22
5101,5
5426,5
4103,11
3935,5
3478,15
5366,4
5705,13
5280,8
5262,12
5378,13
4630,12
5059,6
5106,7
3354,17
2958,10
4473,14
3480,14
1049,4
3215,5
3297,3
5628,8
1705,4
4228,3
3044,2
3486,5
5497,17
5460,14
4379,27
1987,16
2540,14
4790,11
3016,7
4803,4
2980,9
3492,4
1389,3
3551,13
2902,5
3278,11
3185,8
1528,10
4233,6
3590,5
2114,13
2596,8
5108,18
2928,25
2316,12
2672,8
5020,6
3318,15
3851,9
1147,7
2112,9
4270,11
5221,13
4463,19
5201,4
1923,15
2270,3
3351,5
3616,6
2254,8
1484,9
4217,1
2578,3
1941,33
2648,6
3205,8
3461,11
3508,5
5849,9
2321,8
3510,8
1368,15
5710,11
2033,8
4926,1
5613,19
3438,4
1556,4
3719,14
1492,1
1421,6
4470,15
5154,3
1126,3
1543,8
2552,10
5415,16
2899,24
1213,9
5267,9
4554,9
5850,7
5350,2
3994,21
3531,2
1419,17
4082,4
4048,8
4216,6
4862,4
3974,4
5733,4
3153,21
5629,8
1103,7
4915,17
1558,9
3337,14
3365,6
3290,10
2689,10
5027,9
1501,19
3882,7
4413,14
3899,4
4055,10
1071,9
4891,13
5958,5
4819,3
1078,6
3801,2
3035,27
5762,7
2260,19
1897,22
1003,7
4099,15
1479,5
5177,12
5207,5
3437,9
3693,18
5957,9
2846,12
1709,10
3219,2
2715,5
3973,3
1454,12
5128,4
4970,6
2234,8
3755,9
5273,5
3259,9
4400,3
3514,15
3909,10
4332,14
3204,10
2505,14
3265,7
1799,19
5143,15
3267,3
3560,28
1912,9
5904,34
2075,12
3580,6
4880,4
3678,12
3091,1
3906,13
4767,5
3751,11
5434,9
4250,3
2529,11
1453,7
1907,1
4654,1
5635,3
1592,18
4067,13
1853,12
5313,8
4998,13
5259,14
2812,9
4255,22
3591,5
2050,9
4053,9
1666,12
4747,9
2878,5
4590,9
4938,12
3576,3
4704,3
4471,1
5197,7
3828,8
4708,10
4686,16
1679,28
5253,28
5196,15
5479,3
4951,6
4069,13
1336,5
4705,4
1610,10
4231,9
3106,4
5224,5
3564,5
1099,3
3530,5
2820,4
2207,14
5978,4
1083,5
2408,1
4825,13
5045,11
5813,24
1687,6
4533,6
5857,16
5321,13
2123,8
5927,17
4887,7
1423,4
4187,10
6000,7
2009,8
2217,5
5872,9
2145,9
3241,15
2133,10
1784,5
4493,4
3868,10
1740,6
4913,9
2359,9
4063,3
2669,4
1038,17
5498,10
5368,12
5672,12
2541,5
4499,12
4563,11
2139,2
3848,3
2165,11
2860,9
5312,15
3288,23
3136,3
2453,7
1570,12
2948,5
1439,3
5757,19
1289,13
2749,13
4084,8
2291,8
2862,5
4841,11
3189,9
4878,7
2125,11
4945,17
2981,12
1221,18
5475,7
3322,4
3177,4
5181,12
3845,4
4098,5
3911,2
5185,24
3064,5
4792,5
1514,14
1587,5
3847,13
2708,19
1523,12
2636,19
3253,7
3599,9
5822,13
2201,2
4691,13
1177,12
1393,5
1409,9
1578,8
4678,8
1801,6
5161,10
5830,9
4502,17
3713,2
4566,1
5290,10
4051,9
3872,17
1648,7
4366,15
1327,10
3878,17
1911,14
2955,9
3246,7
3303,9
5093,12
2544,3
1552,8
1153,15
3716,11
2868,8
1079,12
1283,25
3165,9
1548,7
3233,24
4406,9
2250,12
1465,7
4972,13
2116,16
5723,14
1345,5
5111,5
3459,17
2426,15
2178,13
3775,10
1337,8
5686,15
3063,7
3477,10
3385,14
2870,17
2943,10
5416,8
2300,12
2449,12
5601,15
5085,12
3547,16
3869,1
5637,16
4664,9
1239,5
1179,2
2100,14
5007,3
1602,8
1185,5
5810,8
4275,6
2016,7
1364,10
1348,5
1042,7
2274,11
4582,12
1450,7
1604,13
3302,9
3094,10
4723,15
3507,8
1257,3
1131,13
1308,3
3275,9
2330,1
5714,5
2615,1
1936,9
4753,5
4699,18
5241,12
5352,9
5126,9
1832,8
2435,21
5974,15
4342,11
2130,17
5812,7
1168,7
4791,12
1188,8
4908,20
4869,11
1792,6
5779,12
3820,10
4735,2
3466,1
5784,1
2285,8
4501,5
1524,7
3627,7
3954,7
2573,1
1782,7
3004,13
3307,16
5458,8
1173,10
4385,15
4619,12
2327,12
1767,14
2216,9
4815,10
4696,9
3255,17
3569,11
1631,6
2533,3
1637,8
4553,8
3767,9
2744,6
4535,5
1920,3
3877,11
5567,11
5340,4
2472,4
3731,1
3945,19
1562,13
2389,5
1319,19
3009,10
4649,11
3641,12
2132,9
3079,15
5240,10
5454,7
1844,23
3077,9
1203,6
2352,7
4114,5
3979,9
3521,11
4072,3
1284,7
4005,9
3384,7
3802,6
1150,2
1712,1
1995,5
2927,8
1931,4
2098,10
4835,1
3237,6
3684,6
1014,20
5091,7
5202,12
3746,10
4241,3
4050,6
3525,9
3804,23
1115,7
5773,11
2960,9
2450,11
3738,10
5310,9
5429,6
3081,11
2152,9
4205,1
1937,11
3553,3
2441,22
4853,10
3953,11
5508,8
3311,13
3896,3
5855,7
3268,7
1282,14
2088,12
2491,12
4827,4
1919,13
2195,10
5783,6
1027,5
5894,2
3540,7
5395,10
3396,12
5483,10
4339,4
2460,16
5279,10
3781,12
5175,15
1515,12
1906,7
2806,5
3082,11
2317,9
3788,10
2530,7
5502,8
2508,10
1895,3
2421,11
5184,8
1668,5
1237,4
3493,4
5068,20
1471,6
2160,6
4746,19
2154,15
1532,33
4170,11
2594,8
1915,8
5046,8
5464,13
1579,9
4306,9
2432,14
4516,2
2061,16
3338,9
3565,21
2592,19
1547,6
4081,6
5747,16
4077,25
5438,5
1577,7
4834,17
4675,17
5116,5
1023,5
4868,3
3494,8
1440,11
5534,9
3143,15
4189,2
5583,10
5650,7
3915,3
1909,1
5005,1
2670,4
3532,5
1707,14
5739,11
2043,9
1511,10
5623,5
1383,3
4458,12
1622,4
2660,10
2503,19
5484,9
4990,18
2747,9
3594,10
5910,25
4309,10
4287,11
2978,1
3487,8
2562,5
3722,10
5928,8
3041,3
5017,7
2550,5
2710,8
4358,2
3614,4
5248,3
3247,19
4540,8
2093,22
4584,9
1883,2
2604,9
1617,8
4922,18
2283,8
1726,14
4411,4
5550,6
5889,11
5051,5
2795,10
4527,10
5406,5
1980,8
4750,2
4003,13
1040,6
4139,2
2506,24
5842,18
1149,10
4551,16
3879,8
5604,9
5528,12
5671,22
4492,8
1446,6
5952,6
1623,7
5104,29
2427,10
1854,23
2253,11
1585,7
2765,3
2233,5
3957,5
3603,2
3019,7
4298,3
5587,9
1120,15
4942,1
4284,3
4954,8
3748,5
1474,11
5881,11
4802,8
5012,18
1408,13
1554,4
2816,3
3559,5
2390,6
1842,3
1105,5
1281,4
3432,13
3230,4
4049,12
3995,2
1953,7
5963,10
4300,31
1196,15
4634,10
4971,12
3812,11
3335,5
5229,14
5821,16
2367,8
2373,11
5135,11
3977,10
5729,20
5263,10
4616,3
4147,10
4755,11
5687,9
2893,4
4548,8
1268,5
5226,12
1813,6
4785,8
3544,14
5399,14
2146,14
4861,15
4449,9
2936,6
5358,10
5951,22
4801,13
2908,3
4283,10
4789,4
2990,9
2527,10
3424,8
1830,2
4462,8
2977,3
1758,5
3342,4
4269,2
1744,27
3203,13
4257,9
5804,6
3472,6
1553,14
2280,10
2707,3
5698,13
4350,3
5430,8
4407,18
2693,3
2151,10
2103,4
2430,5
5349,7
3145,8
5236,13
1573,10
4378,9
5525,10
3362,5
3780,1
5805,4
2347,14
3849,11
5666,5
3747,5
2293,8
4611,5
4360,8
4541,6
4362,7
2400,9
2332,19
2126,8
1370,10
3736,14
1880,4
5719,2
3672,9
2916,5
4328,3
2632,5
5980,3
4316,5
4706,7
4764,10
1482,17
4268,7
1024,18
4004,5
4486,9
1859,9
2121,7
3550,8
1794,9
3109,8
1852,8
5332,11
4213,7
2058,3
3735,5
5244,4
3965,10
3367,11
3400,6
4188,9
5272,12
5299,9
1152,7
3428,9
1129,6
4031,3
4131,6
3178,13
2953,6
3223,17
4266,3
1860,16
4728,10
3418,21
5955,15
5654,18
1821,13
5439,5
3642,11
3903,5
5815,2
1033,6
3380,5
4479,4
4488,1
1730,9
2360,23
4152,3
1472,9
2307,8
2459,10
5732,5
5939,9
3347,15
2001,5
5070,14
3238,22
5674,2
2474,12
4096,5
2221,2
5766,10
2917,5
3873,4
3358,3
4201,7
1241,15
2353,10
4372,4
2767,8
2486,10
3409,7
2931,16
2028,6
4183,9
4021,13
5607,9
5846,3
2379,10
3630,3
2263,12
4375,18
2894,14
4371,9
3604,6
5858,1
4949,12
5782,6
1972,12
1080,2
1797,18
5098,3
5026,11
3680,13
2024,12
4575,5
4242,9
5935,3
1224,5
5379,5
5021,5
4895,10
2946,18
3455,9
3924,8
3442,5
4609,9
5807,17
5486,17
3187,17
2934,4
2101,10
3078,8
1680,23
3808,19
2084,7
3533,4
5394,2
2714,10
2478,7
1430,20
3829,3
4685,11
5902,3
4089,2
5726,5
1228,8
5232,2
2388,10
3883,16
4800,13
5351,20
1693,19
5011,19
4165,4
2773,15
3623,19
1728,4
4737,8
4514,24
4745,6
3378,4
2264,8
1184,22
1658,3
4984,4
2303,10
4597,2
1285,3
5944,22
1992,8
3100,16
3770,2
4175,2
1629,9
4813,12
3191,13
5297,11
4468,7
1958,11
2179,12
4980,7
3643,10
1448,7
1264,10
1678,7
1018,5
3785,8
1753,14
4056,6
3360,11
2411,8
5277,6
5712,5
2476,4
2065,18
2709,15
1983,4
3535,8
1086,17
2416,14
1684,13
3250,14
5118,8
2222,7
4863,13
4417,2
4640,5
5205,20
5159,9
2538,4
4434,11
5414,5
2049,4
5377,8
4710,3
3822,6
3665,5
1563,13
5081,7
5491,9
5295,7
5519,1
2617,15
4302,3
1606,12
1095,12
3355,16
3881,14
1567,3
2611,10
3142,14
2890,13
4057,7
3948,13
2319,5
5293,17
5634,30
3946,19
4934,12
5986,1
3558,8
2762,11
3146,3
1788,7
2731,8
3914,14
5793,5
4116,1
3286,12
2124,11
3113,3
1312,13
1566,5
2415,11
5569,13
4509,3
3448,8
1433,8
2334,11
5168,2
5991,9
2005,2
3160,4
2493,10
5060,1
3103,13
1954,8
1437,9
5141,5
1141,6
2308,8
4906,16
5079,13
3447,5
2897,8
2162,17
4960,20
1328,16
4920,26
4261,19
1262,9
4871,17
1572,10
2266,6
4901,1
1817,9
3366,2
5239,9
5703,7
3556,7
5820,11
4856,8
3917,7
3274,9
5512,8
3968,8
5314,12
4665,11
1984,12
2624,9
4771,14
3536,5
5228,2
2974,5
1935,8
5734,6
1761,11
4532,15
5195,8
4833,14
2605,5
5746,8
3107,4
5977,14
3942,13
2166,4
4065,3
5199,6
3988,9
1070,3
4883,5
3130,8
2302,5
2419,4
3737,6
1316,19
2825,15
1763,15
4194,18
3880,4
3984,3
2593,19
1092,5
4112,13
1839,13
2115,9
3921,6
5487,9
5115,14
4886,14
2938,9
3344,9
1691,5
1187,14
1964,20
5700,21
3732,11
1612,5
3950,7
2144,5
4414,8
5987,14
4046,11
1004,18
5878,10
1819,3
2276,13
5215,3
5643,8
5617,11
4836,15
4622,7
4783,5
4702,11
5644,1
2000,2
1885,4
2348,12
5535,12
4854,14
4903,7
5078,12
3186,14
5873,15
1503,6
1390,9
5493,8
1652,5
3321,10
4671,9
4128,9
1571,6
4953,14
5648,15
1112,18
1373,10
3329,9
4724,17
2010,16
4422,1
1449,7
5208,4
4679,13
3617,3
2642,10
2925,8
4872,10
1508,5
4236,5
5145,5
1981,5
4817,5
3224,9
3348,1
4129,7
3951,20
4911,7
4060,6
3289,3
2661,18
3503,11
4146,13
3483,9
1011,4
4388,10
1428,7
1366,10
5270,6
1193,12
2073,13
3174,14
4580,3
2137,9
3585,1
5209,8
5584,14
3110,10
4988,8
4955,11
3960,7
2406,7
2792,12
4628,16
3315,17
1402,23
1879,14
3733,18
4095,4
3768,7
3520,12
3299,20
2461,17
5459,11
2883,20
3295,4
2557,7
3225,8
2818,8
5906,16
3005,8
2011,16
3578,6
2869,12
3372,12
5533,15
1805,3
3515,6
5646,12
3048,20
5268,15
4141,19
4218,6
4636,11
5294,9
3989,4
5973,4
4860,7
2243,3
5233,2
3248,15
4064,14
1836,12
1090,10
3961,16
2446,15
4346,1
5364,10
2361,12
3033,4
4978,2
5859,9
3214,9
4289,15
3895,19
2766,14
1371,13
1445,11
5326,5
2696,12
2566,3
2543,9
5163,15
4335,7
1202,5
4850,3
5164,14
3758,12
1012,15
4085,13
4029,13
4555,15
5041,22
1568,11
5537,18
3176,13
3491,4
4730,14
2465,22
5865,3
3371,5
2591,2
4748,1
4079,4
5256,6
5242,14
4719,8
4711,5
2949,1
2325,17
1376,2
2995,20
1101,32
5514,13
3312,17
4974,12
2504,11
5456,12
4776,10
2341,6
1976,6
2813,8
5882,12
5318,1
3021,4
3939,10
4659,24
5707,5
1870,10
4039,9
2248,10
5198,13
1851,8
5139,11
3887,6
3194,5
1940,5
2586,7
5413,13
4341,7
5009,5
1534,12
3159,10
4904,3
2008,10
2621,10
2456,17
4701,25
4207,6
1392,18
2423,15
2017,23
5681,2
3554,3
2448,9
1526,18
5371,9
4677,18
3581,25
2382,15
3134,5
5419,5
5002,6
1535,7
4265,7
3464,3
5296,9
2799,12
5134,9
4674,4
5170,12
5517,18
1584,9
3524,11
2186,18
3363,6
5019,7
2362,15
3156,16
1338,10
1178,14
1309,14
1674,4
2287,5
3605,3
5684,11
2514,6
5919,3
3809,4
1481,4
5250,16
5616,8
2900,9
5665,15
5837,2
5073,5
1429,8
3057,5
1948,2
1891,15
3837,8
4732,7
1999,16
2215,12
2282,16
5863,6
4179,8
2969,13
3055,4
2381,3
1054,9
1776,1
4744,12
5685,11
2815,10
4749,13
4303,16
2639,24
2289,12
3221,7
2676,7
2976,13
1063,21
2175,12
1630,15
3701,16
4108,4
1411,7
5690,10
2340,11
1862,10
5753,6
1676,7
2500,7
2745,6
2913,3
1962,4
4986,16
5622,13
2528,11
2963,11
2295,7
5721,17
3949,4
1013,3
4982,12
4337,10
4222,8
1278,26
3236,9
4430,6
4019,1
5275,9
1109,7
5441,6
4598,7
1640,22
1710,2
3980,4
2658,12
5877,13
4600,10
1867,10
3705,23
3308,4
4398,10
4331,15
2002,11
5994,14
2645,14
1734,12
4621,8
2830,6
2301,4
1174,2
3901,3
4795,14
1246,21
1292,14
4941,12
3769,20
2425,4
1768,7
1900,12
3874,16
5380,9
2066,13
1929,16
5706,9
4310,5
1044,11
5831,10
2507,8
4330,10
3148,4
1741,5
4549,6
2117,5
3395,6
1719,3
1762,3
3394,3
5908,9
4707,5
1361,6
2859,6
3831,2
4196,11
2570,5
1713,11
3583,17
2509,9
5582,20
1258,3
3729,8
2377,10
1117,20
4574,3
1204,23
1928,9
4121,12
1097,8
5673,16
2982,8
2095,12
4171,8
4985,2
4373,8
1803,21
2979,12
5754,10
3870,18
3227,12
5435,30
4467,17
2700,4
2140,17
2838,8
5544,5
3596,12
5455,12
5636,7
2118,6
3470,19
5565,6
5809,2
5802,15
3416,4
3368,13
2265,4
1416,6
5566,28
3291,3
4367,2
4234,14
1933,5
2182,17
4797,14
5901,7
1857,5
4214,2
5301,18
5083,7
3088,6
2973,1
2417,2
2546,3
5107,3
2110,2
5833,7
2184,15
4106,15
5848,18
4811,14
5530,1
4178,15
5403,14
2643,4
5389,4
2733,6
2730,2
3345,6
2690,14
4607,22
1387,16
3782,17
3993,12
3542,4
3696,11
5979,12
4232,2
2713,10
3688,8
2021,7
2599,6
1009,9
4421,3
5289,12
1107,2
3712,4
4618,15
2454,12
3381,12
5745,6
1993,12
4319,6
1656,13
3402,12
1277,16
3444,7
2370,9
3046,15
1217,13
4484,9
5883,4
5133,6
3568,11
2086,7
1882,9
2558,5
4380,4
1359,8
5990,3
2208,7
4513,9
2511,3
2746,7
2057,9
3778,4
3836,13
1476,12
3406,6
5125,9
1413,10
3053,6
5806,9
5391,21
3668,16
3910,21
5836,25
2376,6
5581,5
5431,8
2706,1
3825,15
2965,11
3523,9
5911,13
3245,13
4173,14
3376,14
2457,3
2310,5
2555,6
4585,2
3050,3
1138,4
2487,4
